designation,material,thickness_mm,qty,width_mm,height_mm,area_mm2,cut_length_mm,holes,hole_diams,min_hole_edge_mm,checks,_rel
ДН-26.02.01.00.002,ст09Г2С,10.0,1,1170.22,970.0,1135108.6,4280.4,0,,,OK,ДН-26.02.01.00.000 СК Корпус верхня частина/10мм ст09Г2С 1шт. ДН-26.02.01.00.002 Спіраль корпуса.dxf
ДН-26.02.01.01.001-01,ст09Г2С,10.0,2,1999.1,845.95,1691134.9,6050.1,0,,,OK,ДН-26.02.01.00.000 СК Корпус верхня частина/10мм ст09Г2С 2шт. ДН-26.02.01.01.001-01(ч.1) Стінка корпуса верхня частина.dxf
ДН-26.02.01.00.003,ст09Г2С,10.0,1,2748.28,970.0,2665830.3,13167.3,16,18.0,126.0,OK,ДН-26.02.01.00.000 СК Корпус верхня частина/10мм ст09Г2С 1шт. ДН-26.02.01.00.003 Спіраль корпуса.dxf
ДН-26.02.01.04.005,ст09Г2С,10.0,2,1062.28,100.0,93480.8,2276.9,0,,,OPEN_CONTOUR:1 незамкнутых контура(ов),ДН-26.02.01.00.000 СК Корпус верхня частина/10мм ст09Г2С 2шт. ДН-26.02.01.04.005 Обічайка.dxf
ДН-26.02.01.00.004,ст09Г2С,10.0,1,1691.76,970.0,1641007.7,5690.2,0,,,OK,ДН-26.02.01.00.000 СК Корпус верхня частина/10мм ст09Г2С 1шт. ДН-26.02.01.00.004 Спіраль корпуса.dxf
ДН-26.02.01.01.009,ст09Г2С,10.0,2,590.0,108.0,59088.0,1389.0,0,,,OK,ДН-26.02.01.00.000 СК Корпус верхня частина/10мм ст09Г2С 2шт. ДН-26.02.01.01.009 Ребро.dxf
ДН-26.02.01.04.002,ст09Г2С,5.0,2,234.0,117.0,0.0,552.8,3,9.0,4.0,HOLE_NEAR_EDGE: отверстие 4.0мм от края < толщины 5.0мм,ДН-26.02.01.00.000 СК Корпус верхня частина/5мм ст09Г2С 2шт. ДН-26.02.01.04.002 Фланець.dxf
ДН-26.02.01.01.010,ст09Г2С,10.0,2,400.0,108.0,40176.0,1017.9,0,,,OK,ДН-26.02.01.00.000 СК Корпус верхня частина/10мм ст09Г2С 2шт. ДН-26.02.01.01.010 Ребро.dxf
ДН-26.02.01.00.021,ст09Г2С,10.0,2,200.0,168.49,22285.8,828.1,1,70.0,20.0,OK,ДН-26.02.01.00.000 СК Корпус верхня частина/10мм ст09Г2С 2шт. ДН-26.02.01.00.021 Накладка.dxf
ДН-26.02.01.01.001,ст09Г2С,10.0,2,1206.75,482.45,523484.1,3484.7,3,20.0 62.0,79.37,OK,ДН-26.02.01.00.000 СК Корпус верхня частина/10мм ст09Г2С 2шт. ДН-26.02.01.01.001 (ч.2) Стінка корпуса верхня частина.dxf
ДН-26.02.01.00.015,ст09Г2С,10.0,1,1190.0,122.0,137488.0,2861.7,2,50.0,30.0,OK,ДН-26.02.01.00.000 СК Корпус верхня частина/10мм ст09Г2С 1шт. ДН-26.02.01.00.015 Ребро.dxf
ДН-26.02.01.00.019,ст09Г2С,10.0,3,94.23,80.0,4468.7,301.4,0,,,OK,ДН-26.02.01.00.000 СК Корпус верхня частина/10мм ст09Г2С 3шт. ДН-26.02.01.00.019 Ребро фланця роз'єму.dxf
ДН-26.02.01.04.007,ст09Г2С,10.0,4,100.0,966.0,96500.0,2418.7,5,19.0,33.5,OK,ДН-26.02.01.00.000 СК Корпус верхня частина/10мм ст09Г2С 4шт. ДН-26.02.01.04.007 Планка.dxf
ДН-26.02.01.01.008,ст09Г2С,10.0,2,764.0,108.0,76648.0,1753.0,0,,,OK,ДН-26.02.01.00.000 СК Корпус верхня частина/10мм ст09Г2С 2шт. ДН-26.02.01.01.008 Ребро.dxf
ДН-26.02.01.05.001,ст09Г2С,10.0,2,770.0,100.0,51835.0,1995.0,0,,,OPEN_CONTOUR:5 незамкнутых контура(ов),ДН-26.02.01.00.000 СК Корпус верхня частина/10мм ст09Г2С 2шт. ДН-26.02.01.05.001 Планка.dxf
ДН-26.02.01.01.011,ст09Г2С,10.0,2,1798.0,108.0,179976.0,3813.9,0,,,OK,ДН-26.02.01.00.000 СК Корпус верхня частина/10мм ст09Г2С 2шт. ДН-26.02.01.01.011 Ребро.dxf
ДН-26.02.01.04.004,ст09Г2С,10.0,4,1544.05,100.0,154333.5,3264.2,0,,,OPEN_CONTOUR:1 незамкнутых контура(ов),ДН-26.02.01.00.000 СК Корпус верхня частина/10мм ст09Г2С 4шт. ДН-26.02.01.04.004 Обічайка.dxf
ДН-26.02.01.01.007,ст09Г2С,10.0,8,1726.78,100.0,172677.8,3653.6,0,,,OK,ДН-26.02.01.00.000 СК Корпус верхня частина/10мм ст09Г2С 8шт. ДН-26.02.01.01.007 Кільце.dxf
ДН-26.02.01.01.001,ст09Г2С,10.0,2,2832.2,1208.55,2355523.9,8209.4,9,20.0 70.0,30.0,OK,ДН-26.02.01.00.000 СК Корпус верхня частина/10мм ст09Г2С 2шт. ДН-26.02.01.01.001 (ч.1) Стінка корпуса верхня частина.dxf
ДН-26.02.01.04.006,ст09Г2С,10.0,6,635.0,108.0,63720.0,1647.4,1,50.0,25.0,OK,ДН-26.02.01.00.000 СК Корпус верхня частина/10мм ст09Г2С 6шт. ДН-26.02.01.04.006 Ребро.dxf
ДН-26.02.01.05.002,ст09Г2С,10.0,2,570.0,100.0,57000.0,1400.0,0,,,OK,ДН-26.02.01.00.000 СК Корпус верхня частина/10мм ст09Г2С 2шт. ДН-26.02.01.05.002 Планка.dxf
ДН-26.02.01.00.016,ст09Г2С,10.0,1,1048.0,108.0,103995.9,2290.4,0,,,OK,ДН-26.02.01.00.000 СК Корпус верхня частина/10мм ст09Г2С 1шт. ДН-26.02.01.00.016 Ребро.dxf
ДН-26.02.01.01.012,ст09Г2С,10.0,2,717.0,108.0,71410.9,1795.7,1,50.0,25.0,OK,ДН-26.02.01.00.000 СК Корпус верхня частина/10мм ст09Г2С 2шт. ДН-26.02.01.01.012 Ребро.dxf
ДН-26.02.01.04.001,ст09Г2С,16.0,2,234.0,117.0,0.0,498.6,3,3.2,6.88,HOLE_NEAR_EDGE: отверстие 6.9мм от края < толщины 16.0мм,ДН-26.02.01.00.000 СК Корпус верхня частина/16мм ст09Г2С 2шт. ДН-26.02.01.04.001 Фланець.dxf
ДН-26.02.01.00.001,ст09Г2С,10.0,1,970.0,374.67,363432.4,2689.3,0,,,OK,ДН-26.02.01.00.000 СК Корпус верхня частина/10мм ст09Г2С 1шт. ДН-26.02.01.00.001 Язик спірали корпуса.dxf
ДН-26.02.01.05.004,ст09Г2С,4.0,2,260.0,113.29,10642.7,827.6,0,,,OK,ДН-26.02.01.00.000 СК Корпус верхня частина/4мм ст09Г2С 2шт. ДН-26.02.01.05.004 Ручка люка.dxf
ДН-26.02.01.00.017,ст09Г2С,10.0,1,717.0,108.0,68875.0,1763.0,1,50.0,25.0,OK,ДН-26.02.01.00.000 СК Корпус верхня частина/10мм ст09Г2С 1шт. ДН-26.02.01.00.017 Ребро.dxf
ДН-26.02.01.01.001-01,ст09Г2С,10.0,2,1999.1,845.95,1659279.9,5952.5,3,20.0 62.0,79.93,OK,ДН-26.02.01.00.000 СК Корпус верхня частина/10мм ст09Г2С 2шт. ДН-26.02.01.01.001-01(ч.2) Стінка корпуса верхня частина.dxf
ДН-26.02.01.00.018,ст09Г2С,10.0,2,86.53,80.0,3919.0,285.7,0,,,OK,ДН-26.02.01.00.000 СК Корпус верхня частина/10мм ст09Г2С 2шт. ДН-26.02.01.00.018 Ребро фланця роз'єму.dxf
ДН-26.02.01.00.014,ст09Г2С,10.0,5,1190.0,110.0,126060.0,2843.9,2,50.0,30.0,OK,ДН-26.02.01.00.000 СК Корпус верхня частина/10мм ст09Г2С 5шт. ДН-26.02.01.00.014.dxf
ДН-26.02.01.05.003,ст09Г2С,16.0,1,610.0,610.0,372100.0,2440.0,0,,,OK,ДН-26.02.01.00.000 СК Корпус верхня частина/16мм ст09Г2С 1шт. ДН-26.02.01.05.003 Полотно люка.dxf
ДН-26ФК.03.023.07,ст09Г2С,16.0,4,990.0,80.0,79200.0,2378.8,4,19.0,30.5,OK,ДН-26.02.01.00.000 СК Корпус верхня частина/16мм ст09Г2С 4шт. ДН-26ФК.03.023.07 Фланец разьема.dxf
ДН-26.02.01.01.013,ст09Г2С,10.0,2,1056.0,108.0,104075.4,2308.1,0,,,OK,ДН-26.02.01.00.000 СК Корпус верхня частина/10мм ст09Г2С 2шт. ДН-26.02.01.01.013 Ребро.dxf
ДН-26.02.01.04.003,ст09Г2С,10.0,2,2169.91,1075.0,200.0,5906.2,12,32.0,37.85,OK,ДН-26.02.01.00.000 СК Корпус верхня частина/10мм ст09Г2С 2шт. ДН-26.02.01.04.003 Кришка.dxf
КВЗ.ВКРН,Ст3,5.0,4,34.0,34.0,0.0,144.5,2,12.0 34.0,0.0,HOLE_NEAR_EDGE: отверстие 0.0мм от края < толщины 5.0мм,"вкрн каталог/ВКРН (-В)- ДУ/№6,3/КВЗ.ВКРН-6,3-ДВ.06.00.00.000 Екран/DXF/5мм КВЗ.ВКРН(-В)-5-ДУ.01.002 Фланець Ст3 4шт.dxf"
КВЗ.ВКРН,Ст3,5.0,1,750.62,750.62,0.0,4907.2,41,11.0 12.0 14.5 70.0,4.5,HOLE_NEAR_EDGE: отверстие 4.5мм от края < толщины 5.0мм,"вкрн каталог/ВКРН (-В)- ДУ/№6,3/КВЗ.ВКРН-6,3-ДВ.06.00.00.000 Екран/DXF/5мм КВЗ.ВКРН(-В)-5-ДУ.01.001 Екран Ст3 1шт.dxf"
КВЗ.ВКРН,Ст3,2.0,4,290.0,53.05,0.0,1139.7,3,14.5,19.27,OK,"вкрн каталог/ВКРН (-В)- ДУ/№6,3/КВЗ.ВКРН-6,3-ДВ.06.00.00.000 Екран/DXF/2мм КВЗ.ВКРН(-В)-5-ДУ.01.004  Ребро Ст3  4шт.dxf"
КВЗ.ВКРН-5-ДВ.05.00.00.002,Ст3,2.0,2,570.0,372.16,0.0,2351.0,17,4.9 5.9 14.5,5.93,OK,"вкрн каталог/ВКРН (-В)- ДУ/№6,3/КВЗ.ВКРН-6,3-ДВ.05.00.00.000 Кришка мотора/PDF/2мм КВЗ.ВКРН-5-ДВ.05.00.00.002 Ребро Ст3 2Шт.dxf"
КВЗ.ВКРН-5-ДВ.05.00.00.001,Ст3,2.0,2,758.67,391.8,14519.8,2459.9,7,5.9 14.5,5.93,OPEN_CONTOUR:1 незамкнутых контура(ов),"вкрн каталог/ВКРН (-В)- ДУ/№6,3/КВЗ.ВКРН-6,3-ДВ.05.00.00.000 Кришка мотора/PDF/2мм КВЗ.ВКРН-5-ДВ.05.00.00.001 Ребро Ст3 2Шт.dxf"
КВЗ.ВКРН,Ст3,2.0,1,427.52,427.52,0.0,2328.6,12,4.9,9.42,OK,"вкрн каталог/ВКРН (-В)- ДУ/№6,3/КВЗ.ВКРН-6,3-ДВ.05.00.00.000 Кришка мотора/PDF/2мм КВЗ.ВКРН(-В)-5-ДУ.05.003 Кришка Ст3 1Шт.dxf"
КВЗ.ВКРН-5-ДВ.05.00.00.002,Ст3,2.0,2,570.0,372.16,0.0,2351.0,17,4.9 5.9 14.5,5.93,OK,"вкрн каталог/ВКРН (-В)- ДУ/№6,3/КВЗ.ВКРН-6,3-ДВ.05.00.00.000 Кришка мотора/DXF/2мм КВЗ.ВКРН-5-ДВ.05.00.00.002 Ребро Ст3 2Шт.dxf"
КВЗ.ВКРН-5-ДВ.05.00.00.001,Ст3,2.0,2,758.67,391.8,14519.8,2459.9,7,5.9 14.5,5.93,OPEN_CONTOUR:1 незамкнутых контура(ов),"вкрн каталог/ВКРН (-В)- ДУ/№6,3/КВЗ.ВКРН-6,3-ДВ.05.00.00.000 Кришка мотора/DXF/2мм КВЗ.ВКРН-5-ДВ.05.00.00.001 Ребро Ст3 2Шт.dxf"
КВЗ.ВКРН,Ст3,2.0,1,427.52,427.52,0.0,2328.6,12,4.9,9.42,OK,"вкрн каталог/ВКРН (-В)- ДУ/№6,3/КВЗ.ВКРН-6,3-ДВ.05.00.00.000 Кришка мотора/DXF/2мм КВЗ.ВКРН(-В)-5-ДУ.05.003 Кришка Ст3 1Шт.dxf"
КВЗ.ВКРН-5-ДВ.03.00.00.003,Ст3,2.0,4,590.22,257.79,0.0,1992.0,4,8.2 11.0,60.12,OK,"вкрн каталог/ВКРН (-В)- ДУ/№6,3/КВЗ.ВКРН-6,3-ДВ.03.00.00.000 Рама/DXF/2мм КВЗ.ВКРН-5-ДВ.03.00.00.003 Бокова пластина Ст3 4шт.dxf"
КВЗ.ВКРН-5-ДВ.03.00.00.001,Ст3,4.0,1,766.1,766.1,0.0,6484.5,21,8.2 13.0 505.0,41.58,OK,"вкрн каталог/ВКРН (-В)- ДУ/№6,3/КВЗ.ВКРН-6,3-ДВ.03.00.00.000 Рама/DXF/4мм КВЗ.ВКРН-5-ДВ.03.00.00.001 Основа Ст3 1шт.dxf"
КВЗ.ВКРН-5-ДВ.03.00.00.004,Ст3,2.0,4,147.9,192.0,0.0,1300.7,8,8.2 11.0,9.5,OK,"вкрн каталог/ВКРН (-В)- ДУ/№6,3/КВЗ.ВКРН-6,3-ДВ.03.00.00.000 Рама/DXF/2мм КВЗ.ВКРН-5-ДВ.03.00.00.004 Кронштейн Ст3  4 шт.dxf"
КВЗ.ВКРН-5-ДВ.03.00.00.002,Ст3,2.0,4,439.02,93.05,0.0,1921.8,7,8.2,10.9,OK,"вкрн каталог/ВКРН (-В)- ДУ/№6,3/КВЗ.ВКРН-6,3-ДВ.03.00.00.000 Рама/DXF/2мм КВЗ.ВКРН-5-ДВ.03.00.00.002 Ребро Ст3 4шт.dxf"
КВЗ.ВКРН-5-ДВ.02.00.00.001,Ст3,2.0,8,369.8,263.99,0.0,1935.2,5,4.0 4.9,7.55,OK,"вкрн каталог/ВКРН (-В)- ДУ/№6,3/КВЗ.ВКРН-6,3-ДВ.02.00.00.000 Вентеляційни карман/DXF/2мм КВЗ.ВКРН-5-ДВ.02.00.00.001 Боковина Ст3 8шт.dxf"
КВЗ.ВКРН-5-ДВ.02.00.00.004,Ст3,2.0,8,300.0,131.52,0.0,1266.6,4,4.9,3.55,OK,"вкрн каталог/ВКРН (-В)- ДУ/№6,3/КВЗ.ВКРН-6,3-ДВ.02.00.00.000 Вентеляційни карман/DXF/2мм КВЗ.ВКРН-5-ДВ.02.00.00.004 Боковина Ст3 8шт.dxf"
КВЗ.ВКРН-5-ДВ.02.00.00.002,Ст3,2.0,4,443.05,173.18,0.0,1763.2,8,4.9,8.05,OK,"вкрн каталог/ВКРН (-В)- ДУ/№6,3/КВЗ.ВКРН-6,3-ДВ.02.00.00.000 Вентеляційни карман/DXF/2мм КВЗ.ВКРН-5-ДВ.02.00.00.002 Основа Ст3 4шт..dxf"
КВЗ.ВКРН-5-ДВ.02.00.00.005,Ст3,2.0,4,456.05,361.4,0.0,2071.2,10,4.0 4.9,8.5,OK,"вкрн каталог/ВКРН (-В)- ДУ/№6,3/КВЗ.ВКРН-6,3-ДВ.02.00.00.000 Вентеляційни карман/DXF/2ммКВЗ.ВКРН-5-ДВ.02.00.00.005 рама Ст3 4 шт.dxf"
КВЗ.ВКРН,Ст3,5.0,4,34.0,34.0,0.0,144.5,2,12.0 34.0,0.0,HOLE_NEAR_EDGE: отверстие 0.0мм от края < толщины 5.0мм,"вкрн каталог/ВКРН (-В)- ДУ/ВКРН (-В)- ДУ 2/№6,3/КВЗ.ВКРН-6,3-ДВ.06.00.00.000 Екран/DXF/5мм КВЗ.ВКРН(-В)-5-ДУ.01.002 Фланець Ст3 4шт.dxf"
КВЗ.ВКРН,Ст3,5.0,1,750.62,750.62,0.0,4907.2,41,11.0 12.0 14.5 70.0,4.5,HOLE_NEAR_EDGE: отверстие 4.5мм от края < толщины 5.0мм,"вкрн каталог/ВКРН (-В)- ДУ/ВКРН (-В)- ДУ 2/№6,3/КВЗ.ВКРН-6,3-ДВ.06.00.00.000 Екран/DXF/5мм КВЗ.ВКРН(-В)-5-ДУ.01.001 Екран Ст3 1шт.dxf"
КВЗ.ВКРН,Ст3,2.0,4,290.0,53.05,0.0,1139.7,3,14.5,19.27,OK,"вкрн каталог/ВКРН (-В)- ДУ/ВКРН (-В)- ДУ 2/№6,3/КВЗ.ВКРН-6,3-ДВ.06.00.00.000 Екран/DXF/2мм КВЗ.ВКРН(-В)-5-ДУ.01.004  Ребро Ст3  4шт.dxf"
КВЗ.ВКРН-5-ДВ.05.00.00.002,Ст3,2.0,2,570.0,372.16,0.0,2351.0,17,4.9 5.9 14.5,5.93,OK,"вкрн каталог/ВКРН (-В)- ДУ/ВКРН (-В)- ДУ 2/№6,3/КВЗ.ВКРН-6,3-ДВ.05.00.00.000 Кришка мотора/PDF/2мм КВЗ.ВКРН-5-ДВ.05.00.00.002 Ребро Ст3 2Шт.dxf"
КВЗ.ВКРН-5-ДВ.05.00.00.001,Ст3,2.0,2,758.67,391.8,14519.8,2459.9,7,5.9 14.5,5.93,OPEN_CONTOUR:1 незамкнутых контура(ов),"вкрн каталог/ВКРН (-В)- ДУ/ВКРН (-В)- ДУ 2/№6,3/КВЗ.ВКРН-6,3-ДВ.05.00.00.000 Кришка мотора/PDF/2мм КВЗ.ВКРН-5-ДВ.05.00.00.001 Ребро Ст3 2Шт.dxf"
КВЗ.ВКРН,Ст3,2.0,1,427.52,427.52,0.0,2328.6,12,4.9,9.42,OK,"вкрн каталог/ВКРН (-В)- ДУ/ВКРН (-В)- ДУ 2/№6,3/КВЗ.ВКРН-6,3-ДВ.05.00.00.000 Кришка мотора/PDF/2мм КВЗ.ВКРН(-В)-5-ДУ.05.003 Кришка Ст3 1Шт.dxf"
КВЗ.ВКРН-5-ДВ.05.00.00.002,Ст3,2.0,2,570.0,372.16,0.0,2351.0,17,4.9 5.9 14.5,5.93,OK,"вкрн каталог/ВКРН (-В)- ДУ/ВКРН (-В)- ДУ 2/№6,3/КВЗ.ВКРН-6,3-ДВ.05.00.00.000 Кришка мотора/DXF/2мм КВЗ.ВКРН-5-ДВ.05.00.00.002 Ребро Ст3 2Шт.dxf"
КВЗ.ВКРН-5-ДВ.05.00.00.001,Ст3,2.0,2,758.67,391.8,14519.8,2459.9,7,5.9 14.5,5.93,OPEN_CONTOUR:1 незамкнутых контура(ов),"вкрн каталог/ВКРН (-В)- ДУ/ВКРН (-В)- ДУ 2/№6,3/КВЗ.ВКРН-6,3-ДВ.05.00.00.000 Кришка мотора/DXF/2мм КВЗ.ВКРН-5-ДВ.05.00.00.001 Ребро Ст3 2Шт.dxf"
КВЗ.ВКРН,Ст3,2.0,1,427.52,427.52,0.0,2328.6,12,4.9,9.42,OK,"вкрн каталог/ВКРН (-В)- ДУ/ВКРН (-В)- ДУ 2/№6,3/КВЗ.ВКРН-6,3-ДВ.05.00.00.000 Кришка мотора/DXF/2мм КВЗ.ВКРН(-В)-5-ДУ.05.003 Кришка Ст3 1Шт.dxf"
КВЗ.ВКРН-5-ДВ.03.00.00.003,Ст3,2.0,4,590.22,257.79,0.0,1992.0,4,8.2 11.0,60.12,OK,"вкрн каталог/ВКРН (-В)- ДУ/ВКРН (-В)- ДУ 2/№6,3/КВЗ.ВКРН-6,3-ДВ.03.00.00.000 Рама/DXF/2мм КВЗ.ВКРН-5-ДВ.03.00.00.003 Бокова пластина Ст3 4шт.dxf"
КВЗ.ВКРН-5-ДВ.03.00.00.001,Ст3,4.0,1,766.1,766.1,0.0,6484.5,21,8.2 13.0 505.0,41.58,OK,"вкрн каталог/ВКРН (-В)- ДУ/ВКРН (-В)- ДУ 2/№6,3/КВЗ.ВКРН-6,3-ДВ.03.00.00.000 Рама/DXF/4мм КВЗ.ВКРН-5-ДВ.03.00.00.001 Основа Ст3 1шт.dxf"
КВЗ.ВКРН-5-ДВ.03.00.00.004,Ст3,2.0,4,147.9,192.0,0.0,1300.7,8,8.2 11.0,9.5,OK,"вкрн каталог/ВКРН (-В)- ДУ/ВКРН (-В)- ДУ 2/№6,3/КВЗ.ВКРН-6,3-ДВ.03.00.00.000 Рама/DXF/2мм КВЗ.ВКРН-5-ДВ.03.00.00.004 Кронштейн Ст3  4 шт.dxf"
КВЗ.ВКРН-5-ДВ.03.00.00.002,Ст3,2.0,4,439.02,93.05,0.0,1921.8,7,8.2,10.9,OK,"вкрн каталог/ВКРН (-В)- ДУ/ВКРН (-В)- ДУ 2/№6,3/КВЗ.ВКРН-6,3-ДВ.03.00.00.000 Рама/DXF/2мм КВЗ.ВКРН-5-ДВ.03.00.00.002 Ребро Ст3 4шт.dxf"
КВЗ.ВКРН-5-ДВ.02.00.00.001,Ст3,2.0,8,369.8,263.99,0.0,1935.2,5,4.0 4.9,7.55,OK,"вкрн каталог/ВКРН (-В)- ДУ/ВКРН (-В)- ДУ 2/№6,3/КВЗ.ВКРН-6,3-ДВ.02.00.00.000 Вентеляційни карман/DXF/2мм КВЗ.ВКРН-5-ДВ.02.00.00.001 Боковина Ст3 8шт.dxf"
КВЗ.ВКРН-5-ДВ.02.00.00.004,Ст3,2.0,8,300.0,131.52,0.0,1266.6,4,4.9,3.55,OK,"вкрн каталог/ВКРН (-В)- ДУ/ВКРН (-В)- ДУ 2/№6,3/КВЗ.ВКРН-6,3-ДВ.02.00.00.000 Вентеляційни карман/DXF/2мм КВЗ.ВКРН-5-ДВ.02.00.00.004 Боковина Ст3 8шт.dxf"
КВЗ.ВКРН-5-ДВ.02.00.00.002,Ст3,2.0,4,443.05,173.18,0.0,1763.2,8,4.9,8.05,OK,"вкрн каталог/ВКРН (-В)- ДУ/ВКРН (-В)- ДУ 2/№6,3/КВЗ.ВКРН-6,3-ДВ.02.00.00.000 Вентеляційни карман/DXF/2мм КВЗ.ВКРН-5-ДВ.02.00.00.002 Основа Ст3 4шт..dxf"
КВЗ.ВКРН-5-ДВ.02.00.00.005,Ст3,2.0,4,456.05,361.4,0.0,2071.2,10,4.0 4.9,8.5,OK,"вкрн каталог/ВКРН (-В)- ДУ/ВКРН (-В)- ДУ 2/№6,3/КВЗ.ВКРН-6,3-ДВ.02.00.00.000 Вентеляційни карман/DXF/2ммКВЗ.ВКРН-5-ДВ.02.00.00.005 рама Ст3 4 шт.dxf"
КВЗ.ВКРН-5-ДВ.02.00.00.001,Ст3,2.0,8,369.8,263.99,0.0,1935.2,5,4.0 4.9,7.55,OK,"вкрн каталог/ВКРН (-В)- ДУ/ВКРН (-В)- ДУ 2/№5,6/КВЗ.ВКРН-5,6-ДВ.02.00.00.000 Вентеляційни карман/DXF/2мм КВЗ.ВКРН-5-ДВ.02.00.00.001 Боковина Ст3 8шт.dxf"
КВЗ.ВКРН-5-ДВ.02.00.00.004,Ст3,2.0,8,300.0,131.52,0.0,1266.6,4,4.9,3.55,OK,"вкрн каталог/ВКРН (-В)- ДУ/ВКРН (-В)- ДУ 2/№5,6/КВЗ.ВКРН-5,6-ДВ.02.00.00.000 Вентеляційни карман/DXF/2мм КВЗ.ВКРН-5-ДВ.02.00.00.004 Боковина Ст3 8шт.dxf"
КВЗ.ВКРН-5-ДВ.02.00.00.002,Ст3,2.0,4,443.05,173.18,0.0,1763.2,8,4.9,8.05,OK,"вкрн каталог/ВКРН (-В)- ДУ/ВКРН (-В)- ДУ 2/№5,6/КВЗ.ВКРН-5,6-ДВ.02.00.00.000 Вентеляційни карман/DXF/2мм КВЗ.ВКРН-5-ДВ.02.00.00.002 Основа Ст3 4шт..dxf"
КВЗ.ВКРН-5-ДВ.02.00.00.005,Ст3,2.0,4,456.05,361.4,0.0,2071.2,10,4.0 4.9,8.5,OK,"вкрн каталог/ВКРН (-В)- ДУ/ВКРН (-В)- ДУ 2/№5,6/КВЗ.ВКРН-5,6-ДВ.02.00.00.000 Вентеляційни карман/DXF/2ммКВЗ.ВКРН-5-ДВ.02.00.00.005 рама Ст3 4 шт.dxf"
КВЗ.ВКРН-5-ДВ.05.00.00.002,Ст3,2.0,2,570.0,372.16,0.0,2351.0,17,4.9 5.9 14.5,5.93,OK,"вкрн каталог/ВКРН (-В)- ДУ/ВКРН (-В)- ДУ 2/№5,6/КВЗ.ВКРН-5,6-ДВ.05.00.00.000 Кришка мотора/PDF/2мм КВЗ.ВКРН-5-ДВ.05.00.00.002 Ребро Ст3 2Шт.dxf"
КВЗ.ВКРН-5-ДВ.05.00.00.001,Ст3,2.0,2,758.67,391.8,14519.8,2459.9,7,5.9 14.5,5.93,OPEN_CONTOUR:1 незамкнутых контура(ов),"вкрн каталог/ВКРН (-В)- ДУ/ВКРН (-В)- ДУ 2/№5,6/КВЗ.ВКРН-5,6-ДВ.05.00.00.000 Кришка мотора/PDF/2мм КВЗ.ВКРН-5-ДВ.05.00.00.001 Ребро Ст3 2Шт.dxf"
КВЗ.ВКРН,Ст3,2.0,1,427.52,427.52,0.0,2328.6,12,4.9,9.42,OK,"вкрн каталог/ВКРН (-В)- ДУ/ВКРН (-В)- ДУ 2/№5,6/КВЗ.ВКРН-5,6-ДВ.05.00.00.000 Кришка мотора/PDF/2мм КВЗ.ВКРН(-В)-5-ДУ.05.003 Кришка Ст3 1Шт.dxf"
КВЗ.ВКРН-5-ДВ.05.00.00.002,Ст3,2.0,2,570.0,372.16,0.0,2351.0,17,4.9 5.9 14.5,5.93,OK,"вкрн каталог/ВКРН (-В)- ДУ/ВКРН (-В)- ДУ 2/№5,6/КВЗ.ВКРН-5,6-ДВ.05.00.00.000 Кришка мотора/DXF/2мм КВЗ.ВКРН-5-ДВ.05.00.00.002 Ребро Ст3 2Шт.dxf"
КВЗ.ВКРН-5-ДВ.05.00.00.001,Ст3,2.0,2,758.67,391.8,14519.8,2459.9,7,5.9 14.5,5.93,OPEN_CONTOUR:1 незамкнутых контура(ов),"вкрн каталог/ВКРН (-В)- ДУ/ВКРН (-В)- ДУ 2/№5,6/КВЗ.ВКРН-5,6-ДВ.05.00.00.000 Кришка мотора/DXF/2мм КВЗ.ВКРН-5-ДВ.05.00.00.001 Ребро Ст3 2Шт.dxf"
КВЗ.ВКРН,Ст3,2.0,1,427.52,427.52,0.0,2328.6,12,4.9,9.42,OK,"вкрн каталог/ВКРН (-В)- ДУ/ВКРН (-В)- ДУ 2/№5,6/КВЗ.ВКРН-5,6-ДВ.05.00.00.000 Кришка мотора/DXF/2мм КВЗ.ВКРН(-В)-5-ДУ.05.003 Кришка Ст3 1Шт.dxf"
КВЗ.ВКРН-5-ДВ.03.00.00.003,Ст3,2.0,4,590.22,257.79,0.0,1992.0,4,8.2 11.0,60.12,OK,"вкрн каталог/ВКРН (-В)- ДУ/ВКРН (-В)- ДУ 2/№5,6/КВЗ.ВКРН-5,6-ДВ.03.00.00.000 Рама/DXF/2мм КВЗ.ВКРН-5-ДВ.03.00.00.003 Бокова пластина Ст3 4шт.dxf"
КВЗ.ВКРН-5-ДВ.03.00.00.001,Ст3,4.0,1,766.1,766.1,0.0,6484.5,21,8.2 13.0 505.0,41.58,OK,"вкрн каталог/ВКРН (-В)- ДУ/ВКРН (-В)- ДУ 2/№5,6/КВЗ.ВКРН-5,6-ДВ.03.00.00.000 Рама/DXF/4мм КВЗ.ВКРН-5-ДВ.03.00.00.001 Основа Ст3 1шт.dxf"
КВЗ.ВКРН-5-ДВ.03.00.00.004,Ст3,2.0,4,147.9,192.0,0.0,1300.7,8,8.2 11.0,9.5,OK,"вкрн каталог/ВКРН (-В)- ДУ/ВКРН (-В)- ДУ 2/№5,6/КВЗ.ВКРН-5,6-ДВ.03.00.00.000 Рама/DXF/2мм КВЗ.ВКРН-5-ДВ.03.00.00.004 Кронштейн Ст3  4 шт.dxf"
КВЗ.ВКРН-5-ДВ.03.00.00.002,Ст3,2.0,4,439.02,93.05,0.0,1921.8,7,8.2,10.9,OK,"вкрн каталог/ВКРН (-В)- ДУ/ВКРН (-В)- ДУ 2/№5,6/КВЗ.ВКРН-5,6-ДВ.03.00.00.000 Рама/DXF/2мм КВЗ.ВКРН-5-ДВ.03.00.00.002 Ребро Ст3 4шт.dxf"
КВЗ.ВКРН,Ст3,5.0,4,34.0,34.0,0.0,144.5,2,12.0 34.0,0.0,HOLE_NEAR_EDGE: отверстие 0.0мм от края < толщины 5.0мм,"вкрн каталог/ВКРН (-В)- ДУ/ВКРН (-В)- ДУ 2/№5,6/КВЗ.ВКРН-5,6-ДВ.06.00.00.000 Екран/DXF/5мм КВЗ.ВКРН(-В)-5-ДУ.01.002 Фланець Ст3 4шт.dxf"
КВЗ.ВКРН,Ст3,5.0,1,750.62,750.62,0.0,4907.2,41,11.0 12.0 14.5 70.0,4.5,HOLE_NEAR_EDGE: отверстие 4.5мм от края < толщины 5.0мм,"вкрн каталог/ВКРН (-В)- ДУ/ВКРН (-В)- ДУ 2/№5,6/КВЗ.ВКРН-5,6-ДВ.06.00.00.000 Екран/DXF/5мм КВЗ.ВКРН(-В)-5-ДУ.01.001 Екран Ст3 1шт.dxf"
КВЗ.ВКРН,Ст3,2.0,4,290.0,53.05,0.0,1139.7,3,14.5,19.27,OK,"вкрн каталог/ВКРН (-В)- ДУ/ВКРН (-В)- ДУ 2/№5,6/КВЗ.ВКРН-5,6-ДВ.06.00.00.000 Екран/DXF/2мм КВЗ.ВКРН(-В)-5-ДУ.01.004  Ребро Ст3  4шт.dxf"
КВЗ.ВКРН-5-ДВ.06.001.00.102,Ст,2.0,1,13.07,13.34,93.4,79.7,1,2.0,5.12,OK,вкрн каталог/ВКРН (-В)- ДУ/ВКРН (-В)- ДУ 2/№5/2мм Ст.3 1шт. КВЗ.ВКРН-5-ДВ.06.001.00.102 Крильчатка двигуна.dxf
КВЗ.ВКРН-5-ДВ.04.00.00.002,Ст3,1.5,1,590.0,590.0,0.0,3787.2,10,21.0 350.0 590.0,0.0,HOLE_NEAR_EDGE: отверстие 0.0мм от края < толщины 1.5мм,"вкрн каталог/ВКРН (-В)- ДУ/ВКРН (-В)- ДУ 2/№5/КВЗ.ВКРН-5-ДВ.04.00.00.000Дифузор/1,5мм КВЗ.ВКРН-5-ДВ.04.00.00.002 Дифузор Ст3 1шт.dxf"
КВЗ.ВКРН-5-ДВ.04.00.00.002,Ст3,1.2,1,746.7,981.68,140138.1,2667.2,0,,,OPEN_CONTOUR:15 незамкнутых контура(ов),"вкрн каталог/ВКРН (-В)- ДУ/ВКРН (-В)- ДУ 2/№5/КВЗ.ВКРН-5-ДВ.04.00.00.000Дифузор/1,2мм КВЗ.ВКРН-5-ДВ.04.00.00.002 Конус Ст3 1шт.dxf"
КВЗ.ВКРН-5-ДВ.01.01.00.001,09Г2С,3.0,1,505.0,505.0,0.0,2558.5,2,75.0 505.0,0.0,HOLE_NEAR_EDGE: отверстие 0.0мм от края < толщины 3.0мм,вкрн каталог/ВКРН (-В)- ДУ/ВКРН (-В)- ДУ 2/№5/!Архів/КВЗ.ВКРН-5-ДВ.01.00.00.000 Робоче колесо/DXF/3мм 09Г2С 1шт КВЗ.ВКРН-5-ДВ.01.01.00.001 Диск нижній.dxf
КВЗ.ВКРН-5-ДВ.01.01.00.004,09Г2С,2.0,1,180.0,13.0,0.0,770.1,0,,,OK,вкрн каталог/ВКРН (-В)- ДУ/ВКРН (-В)- ДУ 2/№5/!Архів/КВЗ.ВКРН-5-ДВ.01.00.00.000 Робоче колесо/DXF/2мм 09Г2С 1шт КВЗ.ВКРН-5-ДВ.01.01.00.004 4шт.-Ребро.dxf
КВЗ.ВКРН-5-ДВ.01.01.00.003,09Г2С,3.0,1,152.92,124.96,0.0,866.8,0,,,OK,вкрн каталог/ВКРН (-В)- ДУ/ВКРН (-В)- ДУ 2/№5/!Архів/КВЗ.ВКРН-5-ДВ.01.00.00.000 Робоче колесо/DXF/3мм 09Г2С 1шт КВЗ.ВКРН-5-ДВ.01.01.00.003 L 12шт.dxf
КВЗ.ВКРН-5-ДВ.01.01.00.003,09Г2С,3.0,1,124.96,152.92,0.0,826.5,0,,,OK,вкрн каталог/ВКРН (-В)- ДУ/ВКРН (-В)- ДУ 2/№5/!Архів/КВЗ.ВКРН-5-ДВ.01.00.00.000 Робоче колесо/DXF/3мм 09Г2С 1шт КВЗ.ВКРН-5-ДВ.01.01.00.003 R  12шт.dxf
КВЗ.ВКРН-5-ДВ.01.01.00.002,09Г2С,2.0,1,621.03,637.75,0.0,951.3,0,,,OK,вкрн каталог/ВКРН (-В)- ДУ/ВКРН (-В)- ДУ 2/№5/!Архів/КВЗ.ВКРН-5-ДВ.01.00.00.000 Робоче колесо/DXF/2мм 09Г2С 1шт КВЗ.ВКРН-5-ДВ.01.01.00.002 Диск верхній 1шт.dxf
КВЗ.ВКРН-5-ДВ.03.00.00.002,Zn,2.0,4,439.02,93.05,0.0,1921.8,7,8.2,10.9,OK,вкрн каталог/ВКРН (-В)- ДУ/ВКРН (-В)- ДУ 2/№5/КВЗ.ВКРН-5-ДВ.03.00.00.000 Рама/DXF/2мм КВЗ.ВКРН-5-ДВ.03.00.00.002 Ребро Zn 4шт.dxf
КВЗ.ВКРН-5-ДВ.03.00.00.003,Zn,2.0,4,590.22,257.79,0.0,1992.0,4,8.2 11.0,60.12,OK,вкрн каталог/ВКРН (-В)- ДУ/ВКРН (-В)- ДУ 2/№5/КВЗ.ВКРН-5-ДВ.03.00.00.000 Рама/DXF/2мм КВЗ.ВКРН-5-ДВ.03.00.00.003 Бокова пластина Zn 4шт.dxf
КВЗ.ВКРН-5-ДВ.03.00.00.001,Zn,4.0,1,766.1,766.1,0.0,6484.5,21,8.2 13.0 505.0,41.58,OK,вкрн каталог/ВКРН (-В)- ДУ/ВКРН (-В)- ДУ 2/№5/КВЗ.ВКРН-5-ДВ.03.00.00.000 Рама/DXF/4мм КВЗ.ВКРН-5-ДВ.03.00.00.001 Основа Zn 1шт.dxf
КВЗ.ВКРН-5-ДВ.03.00.00.004,Zn,2.0,4,147.9,192.0,0.0,1300.7,8,8.2 11.0,9.5,OK,вкрн каталог/ВКРН (-В)- ДУ/ВКРН (-В)- ДУ 2/№5/КВЗ.ВКРН-5-ДВ.03.00.00.000 Рама/DXF/2мм КВЗ.ВКРН-5-ДВ.03.00.00.004 Кронштейн Zn  4 шт.dxf
КВЗ.ВР-4-75-5-ДВ.06.00.00.003,Ст3,4.0,1,590.0,590.0,6.9,2690.8,14,8.5 9.0 130.0 590.0,0.0,OPEN_CONTOUR:18 незамкнутых контура(ов) HOLE_NEAR_EDGE: отверстие 0.0мм от края < толщины 4.0мм,вкрн каталог/ВКРН (-В)- ДУ/ВКРН (-В)- ДУ 2/№5/КВЗ.ВКРН-5-ДВ.06.00.00.000 екран/4мм КВЗ.ВР-4-75-5-ДВ.06.00.00.003 Тепловий екран СТ3  1Шт.dxf
КВЗ.ВР-4-75-5-ДВ.06.00.00.003,Zn,2.0,1,590.0,590.0,420.0,2788.7,10,8.5 110.0 590.0,0.0,HOLE_NEAR_EDGE: отверстие 0.0мм от края < толщины 2.0мм,вкрн каталог/ВКРН (-В)- ДУ/ВКРН (-В)- ДУ 2/№5/КВЗ.ВКРН-5-ДВ.06.00.00.000 екран/2мм КВЗ.ВР-4-75-5-ДВ.06.00.00.003 Тепловий екран ZN  1Шт.dxf
КВЗ.ВКРН-5-ДВ.06.001.00.002,Zn,16.0,16,34.0,34.0,0.0,144.5,2,12.0 34.0,0.0,HOLE_NEAR_EDGE: отверстие 0.0мм от края < толщины 16.0мм,вкрн каталог/ВКРН (-В)- ДУ/ВКРН (-В)- ДУ 2/№5/КВЗ.ВКРН-5-ДВ.06.00.00.000 екран/16мм КВЗ.ВКРН-5-ДВ.06.001.00.002 Фланець ZN  16Шт..dxf
КВЗ.ВКРН,Zn,5.0,1,750.62,750.62,529661.7,4463.6,37,8.4 11.0 12.0 14.5 70.0,4.5,OPEN_CONTOUR:17 незамкнутых контура(ов) HOLE_NEAR_EDGE: отверстие 4.5мм от края < толщины 5.0мм,вкрн каталог/ВКРН (-В)- ДУ/ВКРН (-В)- ДУ 2/№5/КВЗ.ВКРН-5-ДВ.06.00.00.000 екран/5мм КВЗ.ВКРН(-В)-5-ДУ.01.001 Екран Zn 1шт.dxf
КВЗ.ВКРН-5-ДВ.02.00.00.002,Zn,2.0,4,443.05,173.18,0.0,1763.2,8,4.9,8.05,OK,вкрн каталог/ВКРН (-В)- ДУ/ВКРН (-В)- ДУ 2/№5/КВЗ.ВКРН-5-ДВ.02.00.00.000 Вентеляційни карман/DXF/2мм КВЗ.ВКРН-5-ДВ.02.00.00.002 Основа Zn 4шт..dxf
КВЗ.ВКРН-5-ДВ.02.00.00.001,Zn,2.0,8,369.8,263.99,0.0,1935.2,5,4.0 4.9,7.55,OK,вкрн каталог/ВКРН (-В)- ДУ/ВКРН (-В)- ДУ 2/№5/КВЗ.ВКРН-5-ДВ.02.00.00.000 Вентеляційни карман/DXF/2мм КВЗ.ВКРН-5-ДВ.02.00.00.001 Боковина Zn 8шт.dxf
КВЗ.ВКРН-5-ДВ.02.00.00.004,Zn,2.0,8,300.0,131.52,0.0,1266.6,4,4.9,3.55,OK,вкрн каталог/ВКРН (-В)- ДУ/ВКРН (-В)- ДУ 2/№5/КВЗ.ВКРН-5-ДВ.02.00.00.000 Вентеляційни карман/DXF/2мм КВЗ.ВКРН-5-ДВ.02.00.00.004 Боковина Zn 8шт.dxf
КВЗ.ВКРН-5-ДВ.02.00.00.005,Zn,2.0,4,456.05,361.4,0.0,2071.2,10,4.0 4.9,8.5,OK,вкрн каталог/ВКРН (-В)- ДУ/ВКРН (-В)- ДУ 2/№5/КВЗ.ВКРН-5-ДВ.02.00.00.000 Вентеляційни карман/DXF/2ммКВЗ.ВКРН-5-ДВ.02.00.00.005 рама Zn 4 шт.dxf
КВЗ.ВКРН,Zn,2.0,1,496.65,496.65,193180.6,3165.7,0,,,OK,вкрн каталог/ВКРН (-В)- ДУ/ВКРН (-В)- ДУ 2/№5/КВЗ.ВКРН-5-ДВ.05.00.00.000 Кришка мотора/DXF/2мм КВЗ.ВКРН(-В)-5-ДУ.05.003 Кришка Zn 1Шт.dxf
КВЗ.ВКРН-5-ДВ.05.00.00.002,Zn,2.0,2,570.0,372.16,0.0,2351.0,17,4.9 5.9 14.5,5.93,OK,вкрн каталог/ВКРН (-В)- ДУ/ВКРН (-В)- ДУ 2/№5/КВЗ.ВКРН-5-ДВ.05.00.00.000 Кришка мотора/DXF/2мм КВЗ.ВКРН-5-ДВ.05.00.00.002 Ребро Zn 2Шт.dxf
КВЗ.ВКРН-5-ДВ.05.00.00.001,Zn,2.0,2,758.67,391.8,14519.8,2459.9,7,5.9 14.5,5.93,OPEN_CONTOUR:1 незамкнутых контура(ов),вкрн каталог/ВКРН (-В)- ДУ/ВКРН (-В)- ДУ 2/№5/КВЗ.ВКРН-5-ДВ.05.00.00.000 Кришка мотора/DXF/2мм КВЗ.ВКРН-5-ДВ.05.00.00.001 Ребро Zn 2Шт.dxf
КВЗ.ВР-4-75-5-ДВ.01.00.01.001,Ст3,2.0,1,104.11,103.16,6553.1,755.2,1,45.0,27.5,OK,вкрн каталог/ВКРН (-В)- ДУ/ВКРН (-В)- ДУ 2/№5/КВЗ.ВР-4-75-5-ДВ.01.00.00.000 Колесо робоче/2мм КВЗ.ВР-4-75-5-ДВ.01.00.01.001 Крильчатка охолодження Ст3 1Шт..dxf
КВЗ.ВР-4-75-5-ДВ.01.02.00.001,Ст3,10.0,1,116.93,118.95,8418.7,847.7,1,60.0,27.56,OK,вкрн каталог/ВКРН (-В)- ДУ/ВКРН (-В)- ДУ 2/№5/КВЗ.ВР-4-75-5-ДВ.01.00.00.000 Колесо робоче/КВЗ.ВР-4-75-5-ДВ.01.02.00.000 Ступиця Сх.1(циліндр)/10 мм КВЗ.ВР-4-75-5-ДВ.01.02.00.001  Ст3 1шт.dxf
КВЗ.ВР-4-75-5-ДВ.01.01.00.001Д,Ст3,4.0,1,505.0,505.0,0.0,2251.2,2,110.3 505.0,0.0,HOLE_NEAR_EDGE: отверстие 0.0мм от края < толщины 4.0мм,вкрн каталог/ВКРН (-В)- ДУ/ВКРН (-В)- ДУ 2/№5/КВЗ.ВР-4-75-5-ДВ.01.00.00.000 Колесо робоче/КВЗ.ВР-4-75-5-ДВ.01.01.00.000 Колесо робоче/4мм КВЗ.ВР-4-75-5-ДВ.01.01.00.001Диск нижній Ст3 1Шт..dxf
КВЗ.ВР-4-75-5-ДВ.01.01.00.003,Ст3,4.0,12,125.06,152.43,0.0,881.5,0,,,OK,вкрн каталог/ВКРН (-В)- ДУ/ВКРН (-В)- ДУ 2/№5/КВЗ.ВР-4-75-5-ДВ.01.00.00.000 Колесо робоче/КВЗ.ВР-4-75-5-ДВ.01.01.00.000 Колесо робоче/4мм КВЗ.ВР-4-75-5-ДВ.01.01.00.003 R Лопатка Ст3 12Шт..dxf
КВЗ.ВР-4-75-5-ДВ.01.01.00.004,Ст3,2.0,1,350.6,350.6,0.0,1696.8,2,75.6 350.6,0.0,HOLE_NEAR_EDGE: отверстие 0.0мм от края < толщины 2.0мм,вкрн каталог/ВКРН (-В)- ДУ/ВКРН (-В)- ДУ 2/№5/КВЗ.ВР-4-75-5-ДВ.01.00.00.000 Колесо робоче/КВЗ.ВР-4-75-5-ДВ.01.01.00.000 Колесо робоче/2мм КВЗ.ВР-4-75-5-ДВ.01.01.00.004 Конус жорсткості Ст3 1Шт..dxf
КВЗ.ВР-4-75-5-ДВ.01.01.00.002,Ст3,4.0,1,618.59,635.25,0.0,963.7,0,,,OK,вкрн каталог/ВКРН (-В)- ДУ/ВКРН (-В)- ДУ 2/№5/КВЗ.ВР-4-75-5-ДВ.01.00.00.000 Колесо робоче/КВЗ.ВР-4-75-5-ДВ.01.01.00.000 Колесо робоче/4мм КВЗ.ВР-4-75-5-ДВ.01.01.00.002 Диск верхній (розгортка) Ст3 1Шт..dxf
КВЗ.ВКРН-5-ДВ.02.00.00.001,Ст3,2.0,8,369.8,263.99,0.0,1935.2,5,4.0 4.9,7.55,OK,"вкрн каталог/ВКРН (-В)- ДУ/№5,6/КВЗ.ВКРН-5,6-ДВ.02.00.00.000 Вентеляційни карман/DXF/2мм КВЗ.ВКРН-5-ДВ.02.00.00.001 Боковина Ст3 8шт.dxf"
КВЗ.ВКРН-5-ДВ.02.00.00.004,Ст3,2.0,8,300.0,131.52,0.0,1266.6,4,4.9,3.55,OK,"вкрн каталог/ВКРН (-В)- ДУ/№5,6/КВЗ.ВКРН-5,6-ДВ.02.00.00.000 Вентеляційни карман/DXF/2мм КВЗ.ВКРН-5-ДВ.02.00.00.004 Боковина Ст3 8шт.dxf"
КВЗ.ВКРН-5-ДВ.02.00.00.002,Ст3,2.0,4,443.05,173.18,0.0,1763.2,8,4.9,8.05,OK,"вкрн каталог/ВКРН (-В)- ДУ/№5,6/КВЗ.ВКРН-5,6-ДВ.02.00.00.000 Вентеляційни карман/DXF/2мм КВЗ.ВКРН-5-ДВ.02.00.00.002 Основа Ст3 4шт..dxf"
КВЗ.ВКРН-5-ДВ.02.00.00.005,Ст3,2.0,4,456.05,361.4,0.0,2071.2,10,4.0 4.9,8.5,OK,"вкрн каталог/ВКРН (-В)- ДУ/№5,6/КВЗ.ВКРН-5,6-ДВ.02.00.00.000 Вентеляційни карман/DXF/2ммКВЗ.ВКРН-5-ДВ.02.00.00.005 рама Ст3 4 шт.dxf"
КВЗ.ВКРН-5-ДВ.05.00.00.002,Ст3,2.0,2,570.0,372.16,0.0,2351.0,17,4.9 5.9 14.5,5.93,OK,"вкрн каталог/ВКРН (-В)- ДУ/№5,6/КВЗ.ВКРН-5,6-ДВ.05.00.00.000 Кришка мотора/PDF/2мм КВЗ.ВКРН-5-ДВ.05.00.00.002 Ребро Ст3 2Шт.dxf"
КВЗ.ВКРН-5-ДВ.05.00.00.001,Ст3,2.0,2,758.67,391.8,14519.8,2459.9,7,5.9 14.5,5.93,OPEN_CONTOUR:1 незамкнутых контура(ов),"вкрн каталог/ВКРН (-В)- ДУ/№5,6/КВЗ.ВКРН-5,6-ДВ.05.00.00.000 Кришка мотора/PDF/2мм КВЗ.ВКРН-5-ДВ.05.00.00.001 Ребро Ст3 2Шт.dxf"
КВЗ.ВКРН,Ст3,2.0,1,427.52,427.52,0.0,2328.6,12,4.9,9.42,OK,"вкрн каталог/ВКРН (-В)- ДУ/№5,6/КВЗ.ВКРН-5,6-ДВ.05.00.00.000 Кришка мотора/PDF/2мм КВЗ.ВКРН(-В)-5-ДУ.05.003 Кришка Ст3 1Шт.dxf"
КВЗ.ВКРН-5-ДВ.05.00.00.002,Ст3,2.0,2,570.0,372.16,0.0,2351.0,17,4.9 5.9 14.5,5.93,OK,"вкрн каталог/ВКРН (-В)- ДУ/№5,6/КВЗ.ВКРН-5,6-ДВ.05.00.00.000 Кришка мотора/DXF/2мм КВЗ.ВКРН-5-ДВ.05.00.00.002 Ребро Ст3 2Шт.dxf"
КВЗ.ВКРН-5-ДВ.05.00.00.001,Ст3,2.0,2,758.67,391.8,14519.8,2459.9,7,5.9 14.5,5.93,OPEN_CONTOUR:1 незамкнутых контура(ов),"вкрн каталог/ВКРН (-В)- ДУ/№5,6/КВЗ.ВКРН-5,6-ДВ.05.00.00.000 Кришка мотора/DXF/2мм КВЗ.ВКРН-5-ДВ.05.00.00.001 Ребро Ст3 2Шт.dxf"
КВЗ.ВКРН,Ст3,2.0,1,427.52,427.52,0.0,2328.6,12,4.9,9.42,OK,"вкрн каталог/ВКРН (-В)- ДУ/№5,6/КВЗ.ВКРН-5,6-ДВ.05.00.00.000 Кришка мотора/DXF/2мм КВЗ.ВКРН(-В)-5-ДУ.05.003 Кришка Ст3 1Шт.dxf"
КВЗ.ВКРН-5-ДВ.03.00.00.003,Ст3,2.0,4,590.22,257.79,0.0,1992.0,4,8.2 11.0,60.12,OK,"вкрн каталог/ВКРН (-В)- ДУ/№5,6/КВЗ.ВКРН-5,6-ДВ.03.00.00.000 Рама/DXF/2мм КВЗ.ВКРН-5-ДВ.03.00.00.003 Бокова пластина Ст3 4шт.dxf"
КВЗ.ВКРН-5-ДВ.03.00.00.001,Ст3,4.0,1,766.1,766.1,0.0,6484.5,21,8.2 13.0 505.0,41.58,OK,"вкрн каталог/ВКРН (-В)- ДУ/№5,6/КВЗ.ВКРН-5,6-ДВ.03.00.00.000 Рама/DXF/4мм КВЗ.ВКРН-5-ДВ.03.00.00.001 Основа Ст3 1шт.dxf"
КВЗ.ВКРН-5-ДВ.03.00.00.004,Ст3,2.0,4,147.9,192.0,0.0,1300.7,8,8.2 11.0,9.5,OK,"вкрн каталог/ВКРН (-В)- ДУ/№5,6/КВЗ.ВКРН-5,6-ДВ.03.00.00.000 Рама/DXF/2мм КВЗ.ВКРН-5-ДВ.03.00.00.004 Кронштейн Ст3  4 шт.dxf"
КВЗ.ВКРН-5-ДВ.03.00.00.002,Ст3,2.0,4,439.02,93.05,0.0,1921.8,7,8.2,10.9,OK,"вкрн каталог/ВКРН (-В)- ДУ/№5,6/КВЗ.ВКРН-5,6-ДВ.03.00.00.000 Рама/DXF/2мм КВЗ.ВКРН-5-ДВ.03.00.00.002 Ребро Ст3 4шт.dxf"
КВЗ.ВКРН,Ст3,5.0,4,34.0,34.0,0.0,144.5,2,12.0 34.0,0.0,HOLE_NEAR_EDGE: отверстие 0.0мм от края < толщины 5.0мм,"вкрн каталог/ВКРН (-В)- ДУ/№5,6/КВЗ.ВКРН-5,6-ДВ.06.00.00.000 Екран/DXF/5мм КВЗ.ВКРН(-В)-5-ДУ.01.002 Фланець Ст3 4шт.dxf"
КВЗ.ВКРН,Ст3,5.0,1,750.62,750.62,0.0,4907.2,41,11.0 12.0 14.5 70.0,4.5,HOLE_NEAR_EDGE: отверстие 4.5мм от края < толщины 5.0мм,"вкрн каталог/ВКРН (-В)- ДУ/№5,6/КВЗ.ВКРН-5,6-ДВ.06.00.00.000 Екран/DXF/5мм КВЗ.ВКРН(-В)-5-ДУ.01.001 Екран Ст3 1шт.dxf"
КВЗ.ВКРН,Ст3,2.0,4,290.0,53.05,0.0,1139.7,3,14.5,19.27,OK,"вкрн каталог/ВКРН (-В)- ДУ/№5,6/КВЗ.ВКРН-5,6-ДВ.06.00.00.000 Екран/DXF/2мм КВЗ.ВКРН(-В)-5-ДУ.01.004  Ребро Ст3  4шт.dxf"
КВЗ.ВКРН-5-ДВ.06.001.00.102,Ст,2.0,1,13.07,13.34,93.4,79.7,1,2.0,5.12,OK,вкрн каталог/ВКРН (-В)- ДУ/№5/2мм Ст.3 1шт. КВЗ.ВКРН-5-ДВ.06.001.00.102 Крильчатка двигуна.dxf
КВЗ.ВКРН-5-ДВ.04.00.00.002,Ст3,1.5,1,590.0,590.0,0.0,3787.2,10,21.0 350.0 590.0,0.0,HOLE_NEAR_EDGE: отверстие 0.0мм от края < толщины 1.5мм,"вкрн каталог/ВКРН (-В)- ДУ/№5/КВЗ.ВКРН-5-ДВ.04.00.00.000Дифузор/1,5мм КВЗ.ВКРН-5-ДВ.04.00.00.002 Дифузор Ст3 1шт.dxf"
КВЗ.ВКРН-5-ДВ.04.00.00.002,Ст3,1.2,1,746.7,981.68,140138.1,2667.2,0,,,OPEN_CONTOUR:15 незамкнутых контура(ов),"вкрн каталог/ВКРН (-В)- ДУ/№5/КВЗ.ВКРН-5-ДВ.04.00.00.000Дифузор/1,2мм КВЗ.ВКРН-5-ДВ.04.00.00.002 Конус Ст3 1шт.dxf"
КВЗ.ВКРН-5-ДВ.01.01.00.001,09Г2С,3.0,1,505.0,505.0,0.0,2558.5,2,75.0 505.0,0.0,HOLE_NEAR_EDGE: отверстие 0.0мм от края < толщины 3.0мм,вкрн каталог/ВКРН (-В)- ДУ/№5/!Архів/КВЗ.ВКРН-5-ДВ.01.00.00.000 Робоче колесо/DXF/3мм 09Г2С 1шт КВЗ.ВКРН-5-ДВ.01.01.00.001 Диск нижній.dxf
КВЗ.ВКРН-5-ДВ.01.01.00.004,09Г2С,2.0,1,180.0,13.0,0.0,770.1,0,,,OK,вкрн каталог/ВКРН (-В)- ДУ/№5/!Архів/КВЗ.ВКРН-5-ДВ.01.00.00.000 Робоче колесо/DXF/2мм 09Г2С 1шт КВЗ.ВКРН-5-ДВ.01.01.00.004 4шт.-Ребро.dxf
КВЗ.ВКРН-5-ДВ.01.01.00.003,09Г2С,3.0,1,152.92,124.96,0.0,866.8,0,,,OK,вкрн каталог/ВКРН (-В)- ДУ/№5/!Архів/КВЗ.ВКРН-5-ДВ.01.00.00.000 Робоче колесо/DXF/3мм 09Г2С 1шт КВЗ.ВКРН-5-ДВ.01.01.00.003 L 12шт.dxf
КВЗ.ВКРН-5-ДВ.01.01.00.003,09Г2С,3.0,1,124.96,152.92,0.0,826.5,0,,,OK,вкрн каталог/ВКРН (-В)- ДУ/№5/!Архів/КВЗ.ВКРН-5-ДВ.01.00.00.000 Робоче колесо/DXF/3мм 09Г2С 1шт КВЗ.ВКРН-5-ДВ.01.01.00.003 R  12шт.dxf
КВЗ.ВКРН-5-ДВ.01.01.00.002,09Г2С,2.0,1,621.03,637.75,0.0,951.3,0,,,OK,вкрн каталог/ВКРН (-В)- ДУ/№5/!Архів/КВЗ.ВКРН-5-ДВ.01.00.00.000 Робоче колесо/DXF/2мм 09Г2С 1шт КВЗ.ВКРН-5-ДВ.01.01.00.002 Диск верхній 1шт.dxf
КВЗ.ВКРН-5-ДВ.03.00.00.002,Zn,2.0,4,439.02,93.05,0.0,1921.8,7,8.2,10.9,OK,вкрн каталог/ВКРН (-В)- ДУ/№5/КВЗ.ВКРН-5-ДВ.03.00.00.000 Рама/DXF/2мм КВЗ.ВКРН-5-ДВ.03.00.00.002 Ребро Zn 4шт.dxf
КВЗ.ВКРН-5-ДВ.03.00.00.003,Zn,2.0,4,590.22,257.79,0.0,1992.0,4,8.2 11.0,60.12,OK,вкрн каталог/ВКРН (-В)- ДУ/№5/КВЗ.ВКРН-5-ДВ.03.00.00.000 Рама/DXF/2мм КВЗ.ВКРН-5-ДВ.03.00.00.003 Бокова пластина Zn 4шт.dxf
КВЗ.ВКРН-5-ДВ.03.00.00.001,Zn,4.0,1,766.1,766.1,0.0,6484.5,21,8.2 13.0 505.0,41.58,OK,вкрн каталог/ВКРН (-В)- ДУ/№5/КВЗ.ВКРН-5-ДВ.03.00.00.000 Рама/DXF/4мм КВЗ.ВКРН-5-ДВ.03.00.00.001 Основа Zn 1шт.dxf
КВЗ.ВКРН-5-ДВ.03.00.00.004,Zn,2.0,4,147.9,192.0,0.0,1300.7,8,8.2 11.0,9.5,OK,вкрн каталог/ВКРН (-В)- ДУ/№5/КВЗ.ВКРН-5-ДВ.03.00.00.000 Рама/DXF/2мм КВЗ.ВКРН-5-ДВ.03.00.00.004 Кронштейн Zn  4 шт.dxf
КВЗ.ВР-4-75-5-ДВ.06.00.00.003,Ст3,4.0,1,590.0,590.0,6.9,2690.8,14,8.5 9.0 130.0 590.0,0.0,OPEN_CONTOUR:18 незамкнутых контура(ов) HOLE_NEAR_EDGE: отверстие 0.0мм от края < толщины 4.0мм,вкрн каталог/ВКРН (-В)- ДУ/№5/КВЗ.ВКРН-5-ДВ.06.00.00.000 екран/4мм КВЗ.ВР-4-75-5-ДВ.06.00.00.003 Тепловий екран СТ3  1Шт.dxf
КВЗ.ВР-4-75-5-ДВ.06.00.00.003,Zn,2.0,1,590.0,590.0,420.0,2788.7,10,8.5 110.0 590.0,0.0,HOLE_NEAR_EDGE: отверстие 0.0мм от края < толщины 2.0мм,вкрн каталог/ВКРН (-В)- ДУ/№5/КВЗ.ВКРН-5-ДВ.06.00.00.000 екран/2мм КВЗ.ВР-4-75-5-ДВ.06.00.00.003 Тепловий екран ZN  1Шт.dxf
КВЗ.ВКРН-5-ДВ.06.001.00.002,Zn,16.0,16,34.0,34.0,0.0,144.5,2,12.0 34.0,0.0,HOLE_NEAR_EDGE: отверстие 0.0мм от края < толщины 16.0мм,вкрн каталог/ВКРН (-В)- ДУ/№5/КВЗ.ВКРН-5-ДВ.06.00.00.000 екран/16мм КВЗ.ВКРН-5-ДВ.06.001.00.002 Фланець ZN  16Шт..dxf
КВЗ.ВКРН,Zn,5.0,1,750.62,750.62,529661.7,4463.6,37,8.4 11.0 12.0 14.5 70.0,4.5,OPEN_CONTOUR:17 незамкнутых контура(ов) HOLE_NEAR_EDGE: отверстие 4.5мм от края < толщины 5.0мм,вкрн каталог/ВКРН (-В)- ДУ/№5/КВЗ.ВКРН-5-ДВ.06.00.00.000 екран/5мм КВЗ.ВКРН(-В)-5-ДУ.01.001 Екран Zn 1шт.dxf
КВЗ.ВКРН-5-ДВ.02.00.00.002,Zn,2.0,4,443.05,173.18,0.0,1763.2,8,4.9,8.05,OK,вкрн каталог/ВКРН (-В)- ДУ/№5/КВЗ.ВКРН-5-ДВ.02.00.00.000 Вентеляційни карман/DXF/2мм КВЗ.ВКРН-5-ДВ.02.00.00.002 Основа Zn 4шт..dxf
КВЗ.ВКРН-5-ДВ.02.00.00.001,Zn,2.0,8,369.8,263.99,0.0,1935.2,5,4.0 4.9,7.55,OK,вкрн каталог/ВКРН (-В)- ДУ/№5/КВЗ.ВКРН-5-ДВ.02.00.00.000 Вентеляційни карман/DXF/2мм КВЗ.ВКРН-5-ДВ.02.00.00.001 Боковина Zn 8шт.dxf
КВЗ.ВКРН-5-ДВ.02.00.00.004,Zn,2.0,8,300.0,131.52,0.0,1266.6,4,4.9,3.55,OK,вкрн каталог/ВКРН (-В)- ДУ/№5/КВЗ.ВКРН-5-ДВ.02.00.00.000 Вентеляційни карман/DXF/2мм КВЗ.ВКРН-5-ДВ.02.00.00.004 Боковина Zn 8шт.dxf
КВЗ.ВКРН-5-ДВ.02.00.00.005,Zn,2.0,4,456.05,361.4,0.0,2071.2,10,4.0 4.9,8.5,OK,вкрн каталог/ВКРН (-В)- ДУ/№5/КВЗ.ВКРН-5-ДВ.02.00.00.000 Вентеляційни карман/DXF/2ммКВЗ.ВКРН-5-ДВ.02.00.00.005 рама Zn 4 шт.dxf
КВЗ.ВКРН,Zn,2.0,1,496.65,496.65,193180.6,3165.7,0,,,OK,вкрн каталог/ВКРН (-В)- ДУ/№5/КВЗ.ВКРН-5-ДВ.05.00.00.000 Кришка мотора/DXF/2мм КВЗ.ВКРН(-В)-5-ДУ.05.003 Кришка Zn 1Шт.dxf
КВЗ.ВКРН-5-ДВ.05.00.00.002,Zn,2.0,2,570.0,372.16,0.0,2351.0,17,4.9 5.9 14.5,5.93,OK,вкрн каталог/ВКРН (-В)- ДУ/№5/КВЗ.ВКРН-5-ДВ.05.00.00.000 Кришка мотора/DXF/2мм КВЗ.ВКРН-5-ДВ.05.00.00.002 Ребро Zn 2Шт.dxf
КВЗ.ВКРН-5-ДВ.05.00.00.001,Zn,2.0,2,758.67,391.8,14519.8,2459.9,7,5.9 14.5,5.93,OPEN_CONTOUR:1 незамкнутых контура(ов),вкрн каталог/ВКРН (-В)- ДУ/№5/КВЗ.ВКРН-5-ДВ.05.00.00.000 Кришка мотора/DXF/2мм КВЗ.ВКРН-5-ДВ.05.00.00.001 Ребро Zn 2Шт.dxf
КВЗ.ВР-4-75-5-ДВ.01.00.01.001,Ст3,2.0,1,104.11,103.16,6553.1,755.2,1,45.0,27.5,OK,вкрн каталог/ВКРН (-В)- ДУ/№5/КВЗ.ВР-4-75-5-ДВ.01.00.00.000 Колесо робоче/2мм КВЗ.ВР-4-75-5-ДВ.01.00.01.001 Крильчатка охолодження Ст3 1Шт..dxf
КВЗ.ВР-4-75-5-ДВ.01.02.00.001,Ст3,10.0,1,116.93,118.95,8418.7,847.7,1,60.0,27.56,OK,вкрн каталог/ВКРН (-В)- ДУ/№5/КВЗ.ВР-4-75-5-ДВ.01.00.00.000 Колесо робоче/КВЗ.ВР-4-75-5-ДВ.01.02.00.000 Ступиця Сх.1(циліндр)/10 мм КВЗ.ВР-4-75-5-ДВ.01.02.00.001  Ст3 1шт.dxf
КВЗ.ВР-4-75-5-ДВ.01.01.00.001Д,Ст3,4.0,1,505.0,505.0,0.0,2251.2,2,110.3 505.0,0.0,HOLE_NEAR_EDGE: отверстие 0.0мм от края < толщины 4.0мм,вкрн каталог/ВКРН (-В)- ДУ/№5/КВЗ.ВР-4-75-5-ДВ.01.00.00.000 Колесо робоче/КВЗ.ВР-4-75-5-ДВ.01.01.00.000 Колесо робоче/4мм КВЗ.ВР-4-75-5-ДВ.01.01.00.001Диск нижній Ст3 1Шт..dxf
КВЗ.ВР-4-75-5-ДВ.01.01.00.003,Ст3,4.0,12,125.06,152.43,0.0,881.5,0,,,OK,вкрн каталог/ВКРН (-В)- ДУ/№5/КВЗ.ВР-4-75-5-ДВ.01.00.00.000 Колесо робоче/КВЗ.ВР-4-75-5-ДВ.01.01.00.000 Колесо робоче/4мм КВЗ.ВР-4-75-5-ДВ.01.01.00.003 R Лопатка Ст3 12Шт..dxf
КВЗ.ВР-4-75-5-ДВ.01.01.00.004,Ст3,2.0,1,350.6,350.6,0.0,1696.8,2,75.6 350.6,0.0,HOLE_NEAR_EDGE: отверстие 0.0мм от края < толщины 2.0мм,вкрн каталог/ВКРН (-В)- ДУ/№5/КВЗ.ВР-4-75-5-ДВ.01.00.00.000 Колесо робоче/КВЗ.ВР-4-75-5-ДВ.01.01.00.000 Колесо робоче/2мм КВЗ.ВР-4-75-5-ДВ.01.01.00.004 Конус жорсткості Ст3 1Шт..dxf
КВЗ.ВР-4-75-5-ДВ.01.01.00.002,Ст3,4.0,1,618.59,635.25,0.0,963.7,0,,,OK,вкрн каталог/ВКРН (-В)- ДУ/№5/КВЗ.ВР-4-75-5-ДВ.01.00.00.000 Колесо робоче/КВЗ.ВР-4-75-5-ДВ.01.01.00.000 Колесо робоче/4мм КВЗ.ВР-4-75-5-ДВ.01.01.00.002 Диск верхній (розгортка) Ст3 1Шт..dxf
КВЗ.ВР-4-75-5-ДВ.00.00.00.004,Ст3,2.0,1,735.48,448.52,279757.4,2471.9,6,12.5,6.75,OK,"вкрн каталог/ВКРН (-В)- ДУ/ВР 4-75-ДВ/6,3/2мм Ст3 1Шт. КВЗ.ВР-4-75-5-ДВ.00.00.00.004 Дашок.dxf"
КВЗ.ВР-4-75-5-ДВ.00.00.00.003,Ст3,2.0,1,75.0,75.0,0.0,276.5,3,6.5 75.0,0.0,HOLE_NEAR_EDGE: отверстие 0.0мм от края < толщины 2.0мм,"вкрн каталог/ВКРН (-В)- ДУ/ВР 4-75-ДВ/6,3/2мм КВЗ.ВР-4-75-5-ДВ.00.00.00.003 Шайба Ст3 1Шт..dxf"
КВЗ.ВР-4-75-5-ДВ.00.00.00.001,Ст3,2.0,1,52.0,52.0,67.9,388.8,2,12.5 52.0,0.0,HOLE_NEAR_EDGE: отверстие 0.0мм от края < толщины 2.0мм,"вкрн каталог/ВКРН (-В)- ДУ/ВР 4-75-ДВ/6,3/2мм КВЗ.ВР-4-75-5-ДВ.00.00.00.001шайба Ст3 1Шт..dxf"
"КВЗ.ВР-4-75-6,3-ДВ.03.00.00.007",Ст3,4.0,2,750.0,750.0,0.0,3314.4,14,15.0 125.0 750.0,0.0,HOLE_NEAR_EDGE: отверстие 0.0мм от края < толщины 4.0мм,"вкрн каталог/ВКРН (-В)- ДУ/ВР 4-75-ДВ/6,3/КВЗ.ВР-4-75-6,3-ДВ.03.00.00.000 СК Рама/4мм Ст3 2Шт. КВЗ.ВР-4-75-6,3-ДВ.03.00.00.007 Екран.dxf"
"КВЗ.ВР-4-75-6,3-ДВ.03.00.00.001-03",Ст3,5.0,1,408.0,422.0,172076.0,1936.3,0,,,OK,"вкрн каталог/ВКРН (-В)- ДУ/ВР 4-75-ДВ/6,3/КВЗ.ВР-4-75-6,3-ДВ.03.00.00.000 СК Рама/5мм Ст3 1Шт. КВЗ.ВР-4-75-6,3-ДВ.03.00.00.001-03 Плита підмоторна (Н-112).dxf"
"КВЗ.ВР-4-75-6,3-ДВ.03.00.00.001-01",Ст3,5.0,1,408.0,422.0,172076.0,1888.3,0,,,OK,"вкрн каталог/ВКРН (-В)- ДУ/ВР 4-75-ДВ/6,3/КВЗ.ВР-4-75-6,3-ДВ.03.00.00.000 СК Рама/5мм Ст3 1Шт. КВЗ.ВР-4-75-6,3-ДВ.03.00.00.001-01 Плита підмоторна (Н-90).dxf"
"КВЗ.ВР-4-75-6,3-ДВ.03.00.00.001-02",Ст3,5.0,1,408.0,422.0,172076.0,2048.3,0,,,OK,"вкрн каталог/ВКРН (-В)- ДУ/ВР 4-75-ДВ/6,3/КВЗ.ВР-4-75-6,3-ДВ.03.00.00.000 СК Рама/5мм Ст3 1Шт. КВЗ.ВР-4-75-6,3-ДВ.03.00.00.001-02 Плита підмоторна (Н-100.dxf"
"КВЗ.ВР-4-75-6,3-ДВ.03.00.00.001-04",Ст3,5.0,1,408.0,422.0,172076.0,2092.3,0,,,OK,"вкрн каталог/ВКРН (-В)- ДУ/ВР 4-75-ДВ/6,3/КВЗ.ВР-4-75-6,3-ДВ.03.00.00.000 СК Рама/5мм Ст3 1Шт. КВЗ.ВР-4-75-6,3-ДВ.03.00.00.001-04 Плита підмоторна (Н-132).dxf"
"КВЗ.ВР-4-75-6,3-ДВ.03.00.00.001",Ст3,5.0,1,408.0,422.0,172076.0,1848.3,0,,,OK,"вкрн каталог/ВКРН (-В)- ДУ/ВР 4-75-ДВ/6,3/КВЗ.ВР-4-75-6,3-ДВ.03.00.00.000 СК Рама/5мм Ст3 1шт. КВЗ.ВР-4-75-6,3-ДВ.03.00.00.001 Плита підмоторна (Н-80).dxf"
"КВЗ.ВР-4-75-6,3-ДВ.06.00.00.005",Ст3,2.0,1,519.66,55.52,22077.0,2234.1,4,5.0,7.5,OK,"вкрн каталог/ВКРН (-В)- ДУ/ВР 4-75-ДВ/6,3/КВЗ.ВР-4-75-6,3-ДВ.03.00.00.000 СК Рама/2мм Ст3 1Шт. КВЗ.ВР-4-75-6,3-ДВ.06.00.00.005 Захист крильчатки охолодження.dxf"
"КВЗ.ВР-4-75-6,3-ДВ.05.00.00.000",Ст3,3.0,1,401.72,492.89,135999.2,1739.7,3,13.0,17.12,OK,"вкрн каталог/ВКРН (-В)- ДУ/ВР 4-75-ДВ/6,3/КВЗ.ВР-4-75-6,3-ДВ.05.00.00.000СК Стійка/3мм Ст3 1Шт. КВЗ.ВР-4-75-6,3-ДВ.05.00.00.000 СК Стійка.dxf"
"КВЗ.ВР-4-75-6,3-ДВ.01.01.00.004",Ст3,2.0,1,464.99,467.64,1123.5,398.7,0,,,OK,"вкрн каталог/ВКРН (-В)- ДУ/ВР 4-75-ДВ/6,3/КВЗ.ВР-4-75-6,3-ДВ.01.00.00.000 СК Робоче колесо/2 мм ст3 1Шт. КВЗ.ВР-4-75-6,3-ДВ.01.01.00.004 Конус жорсткості розготка.dxf"
"КВЗ.ВР-4-75-6,3-ДВ.01.00.01.001",Ст3,2.0,1,116.93,118.95,8418.7,847.7,1,60.0,27.56,OK,"вкрн каталог/ВКРН (-В)- ДУ/ВР 4-75-ДВ/6,3/КВЗ.ВР-4-75-6,3-ДВ.01.00.00.000 СК Робоче колесо/2мм Ст3 1Шт. КВЗ.ВР-4-75-6,3-ДВ.01.00.01.001 Крильчатка охолодження.dxf"
"КВЗ.ВР-4-75-6,3-ДВ.01.01.00.001.03-01",09Г2С,2.0,1,779.05,800.03,26998.0,742.0,0,,,OK,"вкрн каталог/ВКРН (-В)- ДУ/ВР 4-75-ДВ/6,3/КВЗ.ВР-4-75-6,3-ДВ.01.00.00.000 СК Робоче колесо/КВЗ.ВР-4-75-6,3-ДВ.01.01.00.000 СК Робоче колесо/2мм 09Г2с 1Шт.  КВЗ.ВР-4-75-6,3-ДВ.01.01.00.001.03-01 Покривний диск.dxf"
"КВЗ.ВР-4-75-6,3-ДВ.01.01.00.001.02",09Г2С,4.0,1,640.0,640.0,89.4,4448.0,2,110.0 640.0,0.0,HOLE_NEAR_EDGE: отверстие 0.0мм от края < толщины 4.0мм,"вкрн каталог/ВКРН (-В)- ДУ/ВР 4-75-ДВ/6,3/КВЗ.ВР-4-75-6,3-ДВ.01.00.00.000 СК Робоче колесо/КВЗ.ВР-4-75-6,3-ДВ.01.01.00.000 СК Робоче колесо/4мм 09Г2с 1Шт. КВЗ.ВР-4-75-6,3-ДВ.01.01.00.001.02 Корінний диск ,.dxf"
"КВЗ.ВР-4-75-6,3-ДВ.01.01.00.001",09Г2С,3.0,12,198.23,157.45,12625.0,423.8,0,,,OPEN_CONTOUR:1 незамкнутых контура(ов),"вкрн каталог/ВКРН (-В)- ДУ/ВР 4-75-ДВ/6,3/КВЗ.ВР-4-75-6,3-ДВ.01.00.00.000 СК Робоче колесо/КВЗ.ВР-4-75-6,3-ДВ.01.01.00.000 СК Робоче колесо/3мм 09Г2с 12Шт. КВЗ.ВР-4-75-6,3-ДВ.01.01.00.001 Лопатка.dxf"
КВЗ.ВР.80-75.5.01-ДВ.01.02.00.001,Ст3,10.0,1,150.0,150.0,0.0,659.7,2,60.0 150.0,0.0,HOLE_NEAR_EDGE: отверстие 0.0мм от края < толщины 10.0мм,"вкрн каталог/ВКРН (-В)- ДУ/ВР 4-75-ДВ/6,3/КВЗ.ВР-4-75-6,3-ДВ.01.00.00.000 СК Робоче колесо/КВЗ.ВР-4-75-6,3-ДВ.01.06.00.000 Ступиця Сх.1(циліндр)/10 мм КВЗ.ВР.80-75.5.01-ДВ.01.02.00.001  Ст3 1шт.dxf"
"КВЗ.ВР-4-75-6,3-ДВ.04.00.00.002",Ст3,2.0,4,372.5,372.5,18643.2,1283.1,3,21.0,16.68,OK,"вкрн каталог/ВКРН (-В)- ДУ/ВР 4-75-ДВ/6,3/КВЗ.ВР-4-75-6,3-ДВ.04.00.00.000 СК Дифузор/2мм Ст3 4Шт. КВЗ.ВР-4-75-6,3-ДВ.04.00.00.002 Флянець.dxf"
"КВЗ.ВР-4-75-6,3-ДВ.04.00.00.001",Ст3,1.2,1,1357.83,726.14,31201.9,2739.1,0,,,OK,"вкрн каталог/ВКРН (-В)- ДУ/ВР 4-75-ДВ/6,3/КВЗ.ВР-4-75-6,3-ДВ.04.00.00.000 СК Дифузор/1,2мм Ст3 1Шт.КВЗ.ВР-4-75-6,3-ДВ.04.00.00.001 Конус розгортка.dxf"
"КВЗ.ВР-4-75-6,3-ДВ.04.00.00.002-01",Ст,1.2,1,1440.51,10.0,14405.1,2901.0,0,,,OK,"вкрн каталог/ВКРН (-В)- ДУ/ВР 4-75-ДВ/6,3/КВЗ.ВР-4-75-6,3-ДВ.04.00.00.000 СК Дифузор/Доработка/1,2мм Ст.3 1шт. КВЗ.ВР-4-75-6,3-ДВ.04.00.00.002-01 Флянець.dxf"
"КВЗ.ВР-4-75-6,3-ДВ.02.00.00.003",Ст3,1.5,1,1512.98,468.93,709480.7,3963.8,0,,,OK,"вкрн каталог/ВКРН (-В)- ДУ/ВР 4-75-ДВ/6,3/КВЗ.ВР-4-75-6,3-ДВ.02.00.00.000 СК Корпус спіральний/1,5мм Ст3 1Шт. (2із2) КВЗ.ВР-4-75-6,3-ДВ.02.00.00.003 Спіраль.dxf"
"КВЗ.ВР-4-75-6,3-ДВ.02.00.00.002",Ст3,1.5,1,292.5,438.0,128115.3,1461.0,0,,,OK,"вкрн каталог/ВКРН (-В)- ДУ/ВР 4-75-ДВ/6,3/КВЗ.ВР-4-75-6,3-ДВ.02.00.00.000 СК Корпус спіральний/1,5мм Ст3 1Шт. КВЗ.ВР-4-75-6,3-ДВ.02.00.00.002 Язик.dxf"
"КВЗ.ВР-4-75-6,3-ДВ.02.00.00.003",Ст3,1.5,1,1512.98,468.93,709480.7,3963.8,0,,,OK,"вкрн каталог/ВКРН (-В)- ДУ/ВР 4-75-ДВ/6,3/КВЗ.ВР-4-75-6,3-ДВ.02.00.00.000 СК Корпус спіральний/1,5мм Ст3 1Шт. (1із2) КВЗ.ВР-4-75-6,3-ДВ.02.00.00.003 Спіраль.dxf"
"КВЗ.ВР-4-75-6,3-ДВ.02.00.00.001",Ст3,3.0,2,954.0,1112.0,654448.6,5775.3,13,11.0 680.0,35.0,OK,"вкрн каталог/ВКРН (-В)- ДУ/ВР 4-75-ДВ/6,3/КВЗ.ВР-4-75-6,3-ДВ.02.00.00.000 СК Корпус спіральний/3мм Ст3 2Шт. КВЗ.ВР-4-75-6,3-ДВ.02.00.00.001 Бокова стінка.dxf"
"КВЗ.ВР-4-75-6,3-ДВ.02.02.00.001",Ст3,3.0,4,526.79,146.57,54483.5,1192.9,0,,,OK,"вкрн каталог/ВКРН (-В)- ДУ/ВР 4-75-ДВ/6,3/КВЗ.ВР-4-75-6,3-ДВ.02.00.00.000 СК Корпус спіральний/КВЗ.ВР-4-75-6,3-ДВ.02.02.00.000СБ Вхідний флянець/3мм Ст3 4Шт. КВЗ.ВР-4-75-6,3-ДВ.02.02.00.001 Фланець корпуса.dxf"
"КВЗ.ВР-4-75-6,3-ДВ.02.02.00.003",Ст3,2.0,1,2000.38,75.0,150028.9,4150.8,0,,,OK,"вкрн каталог/ВКРН (-В)- ДУ/ВР 4-75-ДВ/6,3/КВЗ.ВР-4-75-6,3-ДВ.02.00.00.000 СК Корпус спіральний/КВЗ.ВР-4-75-6,3-ДВ.02.02.00.000СБ Вхідний флянець/2мм Ст3 1Шт. КВЗ.ВР-4-75-6,3-ДВ.02.02.00.003 Обичайка вхідного флянця.dxf"
"КВЗ.ВР-4-75-6,3-ДВ.02.02.00.002",Ст3,3.0,4,186.18,482.0,41981.6,1134.0,0,,,OK,"вкрн каталог/ВКРН (-В)- ДУ/ВР 4-75-ДВ/6,3/КВЗ.ВР-4-75-6,3-ДВ.02.00.00.000 СК Корпус спіральний/КВЗ.ВР-4-75-6,3-ДВ.02.02.00.000СБ Вхідний флянець/3мм Ст3 4Шт. КВЗ.ВР-4-75-6,3-ДВ.02.02.00.002 Фланець.dxf"
КВЗ.ВР.80-75.5.01-ДВ.01.02.00.001,Ст3,10.0,1,150.0,150.0,0.0,907.4,2,45.0 150.0,0.0,HOLE_NEAR_EDGE: отверстие 0.0мм от края < толщины 10.0мм,"вкрн каталог/ВКРН (-В)- ДУ/ВР 4-75-ДВ/2,5/КВЗ.ВР-4-75-2,5-ДВ.01.00.00.000 Колесо робоче/КВЗ.ВР-4-75-5-ДВ.01.02.00.000 Ступиця Сх.1(циліндр)/10 мм КВЗ.ВР.80-75.5.01-ДВ.01.02.00.001  Ст3 1шт.dxf"
КВЗ.ВР.80-75.5.01-ДВ.01.02.00.001,Ст3,10.0,1,150.0,150.0,0.0,907.4,2,45.0 150.0,0.0,HOLE_NEAR_EDGE: отверстие 0.0мм от края < толщины 10.0мм,"вкрн каталог/ВКРН (-В)- ДУ/ВР 4-75-ДВ/3,15/КВЗ.ВР-4-75-3,15-ДВ.01.00.00.000 Колесо робоче/КВЗ.ВР-4-75-3,15-ДВ.01.02.00.000 Ступиця Сх.1(циліндр)/10 мм КВЗ.ВР.80-75.5.01-ДВ.01.02.00.001  Ст3 1шт.dxf"
КВЗ.ВР.80-75.5.01-ДВ.01.02.00.001,Ст3,10.0,1,150.0,150.0,0.0,907.4,2,45.0 150.0,0.0,HOLE_NEAR_EDGE: отверстие 0.0мм от края < толщины 10.0мм,вкрн каталог/ВКРН (-В)- ДУ/ВР 4-75-ДВ/10/КВЗ.ВР-4-75-10-ДВ.01.00.00.000СБ Рабочее колесо/КВЗ.ВР-4-75-8-ДВ.01.02.00.001 Ступиця Сх.1(циліндр)/10 мм КВЗ.ВР.80-75.5.01-ДВ.01.02.00.001  Ст3 1шт.dxf
КВЗ.ВР.80-75.5.01-ДВ.01.02.00.001,Ст3,10.0,1,150.0,150.0,0.0,907.4,2,45.0 150.0,0.0,HOLE_NEAR_EDGE: отверстие 0.0мм от края < толщины 10.0мм,"вкрн каталог/ВКРН (-В)- ДУ/ВР 4-75-ДВ/8/КВЗ.ВР-4-75-8-ДВ.01.00.00.000 - Колесо робоче/КВЗ.ВР-4-75-6,3-ДВ.01.06.00.000 Ступиця Сх.1(циліндр)/10 мм КВЗ.ВР.80-75.5.01-ДВ.01.02.00.001  Ст3 1шт.dxf"
КВЗ.ВР.80-75.5.01-ДВ.01.02.00.001,Ст3,10.0,1,150.0,150.0,0.0,907.4,2,45.0 150.0,0.0,HOLE_NEAR_EDGE: отверстие 0.0мм от края < толщины 10.0мм,"вкрн каталог/ВКРН (-В)- ДУ/ВР 4-75-ДВ/12,5/КВЗ.ВР-4-75-12,5-ДВ.01.00.00.000 СБ Рабочее колесо/КВЗ.ВР-4-75-8-ДВ.01.02.00.001 Ступиця Сх.1(циліндр)/10 мм КВЗ.ВР.80-75.5.01-ДВ.01.02.00.001  Ст3 1шт.dxf"
КВЗ.ВР.80-75.5.01-ДВ.00.00.00.003,Ст3,2.0,1,60.0,60.0,0.0,229.3,3,6.5 60.0,0.0,HOLE_NEAR_EDGE: отверстие 0.0мм от края < толщины 2.0мм,вкрн каталог/ВКРН (-В)- ДУ/ВР 4-75-ДВ/ВР 4-75-5-ДВ/2мм КВЗ.ВР.80-75.5.01-ДВ.00.00.00.003 Шайба Ст3 1Шт..dxf
КВЗ.ВР.80-75.5.01-ДВ.00.00.00.002,Ст3,2.0,1,35.0,35.0,49.8,262.4,2,6.5 35.0,0.0,HOLE_NEAR_EDGE: отверстие 0.0мм от края < толщины 2.0мм,вкрн каталог/ВКРН (-В)- ДУ/ВР 4-75-ДВ/ВР 4-75-5-ДВ/2мм КВЗ.ВР.80-75.5.01-ДВ.00.00.00.002 шайба Ст3 1Шт..dxf
КВЗ.ВР.80-75.5.01-ДВ.00.00.00.001,Ст3,,1,537.57,261.45,0.0,3123.8,4,8.5 10.0,12.5,OK,вкрн каталог/ВКРН (-В)- ДУ/ВР 4-75-ДВ/ВР 4-75-5-ДВ/КВЗ.ВР.80-75.5.01-ДВ.00.00.00.001 Стійка Ст3 1шт.dxf
КВЗ.ВР.80-75.5.01-ДВ.05.00.00.002,Ст3,3.0,4,560.0,560.0,0.0,4096.4,10,9.0 504.0 560.0,0.0,HOLE_NEAR_EDGE: отверстие 0.0мм от края < толщины 3.0мм,вкрн каталог/ВКРН (-В)- ДУ/ВР 4-75-ДВ/ВР 4-75-5-ДВ/КВЗ.ВР.80-75.5.01-ДВ.05.00.00.000  Колектор вхідний/3мм КВЗ.ВР.80-75.5.01-ДВ.05.00.00.002 Фланець приєднувальний (част) Ст3 4шт.dxf
КВЗ.ВР.80-75.5.01-ДВ.05.00.00.003,Ст3,1.5,1,1587.47,68.0,0.0,3729.5,0,,,OK,"вкрн каталог/ВКРН (-В)- ДУ/ВР 4-75-ДВ/ВР 4-75-5-ДВ/КВЗ.ВР.80-75.5.01-ДВ.05.00.00.000  Колектор вхідний/1,5мм КВЗ.ВР.80-75.5.01-ДВ.05.00.00.003 Ст3 1шт.dxf"
КВЗ.ВР.80-75.5.01-ДВ.05.00.00.001,Ст3,3.0,4,590.0,590.0,0.0,4244.8,10,11.0 458.0 590.0,0.0,HOLE_NEAR_EDGE: отверстие 0.0мм от края < толщины 3.0мм,вкрн каталог/ВКРН (-В)- ДУ/ВР 4-75-ДВ/ВР 4-75-5-ДВ/КВЗ.ВР.80-75.5.01-ДВ.05.00.00.000  Колектор вхідний/3мм КВЗ.ВР.80-75.5.01-ДВ.05.00.00.001 Фланець корпуса (част) Ст3 4шт.dxf
КВЗ.ВР.80-75.5.01-ДВ.06.00.00.002,Ст3,4.0,1,539.6,539.6,0.0,2925.6,14,17.0 55.0 539.6,0.0,HOLE_NEAR_EDGE: отверстие 0.0мм от края < толщины 4.0мм,вкрн каталог/ВКРН (-В)- ДУ/ВР 4-75-ДВ/ВР 4-75-5-ДВ/КВЗ.ВР.80-75.5.01-ДВ.06.00.00.000 -Екра в зборі/4мм КВЗ.ВР.80-75.5.01-ДВ.06.00.00.002 Екран Ст3 1 шт.dxf
КВЗ.ВР.80-75.5.01-ДВ.06.00.00.003,Ст3,4.0,1,539.6,539.6,0.0,2361.2,14,8.5 110.0 539.6,0.0,HOLE_NEAR_EDGE: отверстие 0.0мм от края < толщины 4.0мм,вкрн каталог/ВКРН (-В)- ДУ/ВР 4-75-ДВ/ВР 4-75-5-ДВ/КВЗ.ВР.80-75.5.01-ДВ.06.00.00.000 -Екра в зборі/4мм КВЗ.ВР.80-75.5.01-ДВ.06.00.00.003 Тепловий екран Ст3 1шт.dxf
КВЗ.ВР.80-75.5.01-ДВ.06.00.00.005,Ст3,2.0,1,392.1,55.52,15604.5,2053.7,4,5.0,7.5,OPEN_CONTOUR:18 незамкнутых контура(ов),вкрн каталог/ВКРН (-В)- ДУ/ВР 4-75-ДВ/ВР 4-75-5-ДВ/КВЗ.ВР.80-75.5.01-ДВ.06.00.00.000 -Екра в зборі/2мм КВЗ.ВР.80-75.5.01-ДВ.06.00.00.005 Захист крильчатки охолодження Ст3 1Шт..dxf
КВЗ.ВР.80-75.5.01-ДВ.06.00.00.002,,,,539.6,539.6,1020.0,3284.9,14,17.0 55.0 539.6,0.0,OK,вкрн каталог/ВКРН (-В)- ДУ/ВР 4-75-ДВ/ВР 4-75-5-ДВ/КВЗ.ВР.80-75.5.01-ДВ.06.00.00.000 -Екра в зборі/!Архів/КВЗ.ВР.80-75.5.01-ДВ.06.00.00.002  Екран (одноразово).dxf
КВЗ.ВР.80-75.5.01-ДВ.01.00.00.001,Ст3,2.0,1,104.29,103.16,6553.1,755.2,1,45.0,27.5,OK,вкрн каталог/ВКРН (-В)- ДУ/ВР 4-75-ДВ/ВР 4-75-5-ДВ/КВЗ.ВР.80-75.5.01-ДВ.01.00.00.000 Колесо робоче/2мм КВЗ.ВР.80-75.5.01-ДВ.01.00.00.001 Крильчатка охолодження Ст3 1Шт..dxf
КВЗ.ВР.80-75.5.01-ДВ.01.02.00.001,Ст3,10.0,1,150.0,150.0,0.0,907.4,2,45.0 150.0,0.0,HOLE_NEAR_EDGE: отверстие 0.0мм от края < толщины 10.0мм,вкрн каталог/ВКРН (-В)- ДУ/ВР 4-75-ДВ/ВР 4-75-5-ДВ/КВЗ.ВР.80-75.5.01-ДВ.01.00.00.000 Колесо робоче/КВЗ.ВР.80-75.5.01-ДВ.01.02.00.000 Ступиця Сх.1(циліндр)/10 мм КВЗ.ВР.80-75.5.01-ДВ.01.02.00.001  Ст3 1шт.dxf
КВЗ.ВР.80-75.5.01-ДВ.01.01.00.001,Ст3,4.0,1,505.0,505.0,0.0,2292.6,2,110.3 505.0,0.0,HOLE_NEAR_EDGE: отверстие 0.0мм от края < толщины 4.0мм,вкрн каталог/ВКРН (-В)- ДУ/ВР 4-75-ДВ/ВР 4-75-5-ДВ/КВЗ.ВР.80-75.5.01-ДВ.01.00.00.000 Колесо робоче/КВЗ.ВР.80-75.5.01-ДВ.01.01.00.000 Колесо робоче/4мм КВЗ.ВР.80-75.5.01-ДВ.01.01.00.001 Диск нижній Ст3 1 шт.dxf
КВЗ.ВР.80-75.5.01-ДВ.01.01.00.002,Ст3,2.0,1,618.59,635.25,0.0,1108.7,0,,,OK,вкрн каталог/ВКРН (-В)- ДУ/ВР 4-75-ДВ/ВР 4-75-5-ДВ/КВЗ.ВР.80-75.5.01-ДВ.01.00.00.000 Колесо робоче/КВЗ.ВР.80-75.5.01-ДВ.01.01.00.000 Колесо робоче/2мм КВЗ.ВР.80-75.5.01-ДВ.01.01.00.002 Диск верхній  Ст3 1 шт.dxf
КВЗ.ВР.80-75.5.01-ДВ.01.00.00.004,Ст3,2.0,1,350.6,350.6,0.0,1649.7,2,60.6 350.6,0.0,HOLE_NEAR_EDGE: отверстие 0.0мм от края < толщины 2.0мм,вкрн каталог/ВКРН (-В)- ДУ/ВР 4-75-ДВ/ВР 4-75-5-ДВ/КВЗ.ВР.80-75.5.01-ДВ.01.00.00.000 Колесо робоче/КВЗ.ВР.80-75.5.01-ДВ.01.01.00.000 Колесо робоче/2мм КВЗ.ВР.80-75.5.01-ДВ.01.00.00.004 Конус жорсткості Ст3 1шт.dxf
КВЗ.ВР.80-75.5.01-ДВ.01.01.00.003,Ст3,4.0,12,125.06,152.43,0.0,929.1,0,,,OK,вкрн каталог/ВКРН (-В)- ДУ/ВР 4-75-ДВ/ВР 4-75-5-ДВ/КВЗ.ВР.80-75.5.01-ДВ.01.00.00.000 Колесо робоче/КВЗ.ВР.80-75.5.01-ДВ.01.01.00.000 Колесо робоче/4мм КВЗ.ВР.80-75.5.01-ДВ.01.01.00.003 L Лопатка Ст3 12шт..dxf
КВЗ.ВР.80-75.5.01-ДВ.01.01.00.003,Ст3,4.0,12,125.06,152.43,0.0,881.5,0,,,OK,вкрн каталог/ВКРН (-В)- ДУ/ВР 4-75-ДВ/ВР 4-75-5-ДВ/КВЗ.ВР.80-75.5.01-ДВ.01.00.00.000 Колесо робоче/КВЗ.ВР.80-75.5.01-ДВ.01.01.00.000 Колесо робоче/4мм КВЗ.ВР.80-75.5.01-ДВ.01.01.00.003 R Ст3 12шт.dxf
КВЗ.ВР.80-75.5.01-ДВ.04.00.00.002,Ст3,1.2,1,590.0,590.0,0.0,3874.6,10,21.0 360.0 590.0,0.0,HOLE_NEAR_EDGE: отверстие 0.0мм от края < толщины 1.2мм,"вкрн каталог/ВКРН (-В)- ДУ/ВР 4-75-ДВ/ВР 4-75-5-ДВ/КВЗ.ВР.80-75.5.01-ДВ.04.00.00.000 Дифузор/1,2мм КВЗ.ВР.80-75.5.01-ДВ.04.00.00.002  дифузор Ст3 1шт.dxf"
КВЗ.ВР.80-75.5.01-ДВ.04.00.00.001,Ст3,1.2,1,826.83,810.72,0.0,3034.7,0,,,OK,"вкрн каталог/ВКРН (-В)- ДУ/ВР 4-75-ДВ/ВР 4-75-5-ДВ/КВЗ.ВР.80-75.5.01-ДВ.04.00.00.000 Дифузор/1,2мм КВЗ.ВР.80-75.5.01-ДВ.04.00.00.001 Конус  Ст3 1шт.dxf"
КВЗ.ВР.80-75.5.01-ДВ.03.00.00.007,Ст3,3.0,1,469.77,387.79,176860.0,2408.6,2,10.0,17.0,OPEN_CONTOUR:18 незамкнутых контура(ов),вкрн каталог/ВКРН (-В)- ДУ/ВР 4-75-ДВ/ВР 4-75-5-ДВ/КВЗ.ВР.80-75.5.01-ДВ.03.00.00.000  Рама/3мм КВЗ.ВР.80-75.5.01-ДВ.03.00.00.007 Плита підмоторна Ст3 1шт.dxf
КВЗ.ВР.80-75.5.01-ДВ.03.00.00.003,Ст,4.0,2,710.0,83.05,58963.9,1794.3,2,10.0 20.0,11.0,OK,"вкрн каталог/ВКРН (-В)- ДУ/ВР 4-75-ДВ/ВР 4-75-5-ДВ/КВЗ.ВР.80-75.5.01-ДВ.03.00.00.000  Рама/4мм Ст.3 2шт.КВЗ.ВР.80-75.5.01-ДВ.03.00.00.003 Кутик 4,5х4.dxf"
КВЗ.ВР.80-75.5.01-ДВ.03.00.00.006,Ст3,4.0,1,372.1,108.05,0.0,1463.7,0,,,OK,вкрн каталог/ВКРН (-В)- ДУ/ВР 4-75-ДВ/ВР 4-75-5-ДВ/КВЗ.ВР.80-75.5.01-ДВ.03.00.00.000  Рама/4мм КВЗ.ВР.80-75.5.01-ДВ.03.00.00.006 Кутик гнутий Ст3 1шт.dxf
ДУ.03.006,Ст3,4.0,1,372.1,108.05,36571.6,1081.5,0,,,OK,вкрн каталог/ВКРН (-В)- ДУ/ВР 4-75-ДВ/ВР 4-75-5-ДВ/КВЗ.ВР.80-75.5.01-ДВ.03.00.00.000  Рама/ВР 80-75-5-ДУ.03.000 Рама/4мм ВР 80-75-5-ДУ.03.006 Кутик гнутий Ст3 1шт.dxf
КВЗ.ВР.80-75.5.01-ДВ.02.00.00.004-01,Ст3,,2,356.0,78.85,0.0,1332.1,3,8.0,17.52,OK,вкрн каталог/ВКРН (-В)- ДУ/ВР 4-75-ДВ/ВР 4-75-5-ДВ/КВЗ.ВР.80-75.5.01-ДВ.02.00.00.000 Корпус спіральний/КВЗ.ВР.80-75.5.01-ДВ.02.00.00.004-01 Ребро рамки Ст3 2шт.dxf
КВЗ.ВР.80-75.5.01-ДВ.02.00.00.003,Ст3,,1,276.52,350.0,0.0,1668.0,0,,,OK,вкрн каталог/ВКРН (-В)- ДУ/ВР 4-75-ДВ/ВР 4-75-5-ДВ/КВЗ.ВР.80-75.5.01-ДВ.02.00.00.000 Корпус спіральний/КВЗ.ВР.80-75.5.01-ДВ.02.00.00.003 Язик Ст3 1шт.dxf
КВЗ.ВР.80-75.5.01-ДВ.02.00.00.006,Ст3,,4,286.02,293.5,0.0,1493.0,3,11.0,39.02,OK,вкрн каталог/ВКРН (-В)- ДУ/ВР 4-75-ДВ/ВР 4-75-5-ДВ/КВЗ.ВР.80-75.5.01-ДВ.02.00.00.000 Корпус спіральний/КВЗ.ВР.80-75.5.01-ДВ.02.00.00.006 Приварний фланець Ст3 4шт.dxf
КВЗ.ВР.80-75.5.01-ДВ.02.00.00.004,Ст3,,2,430.0,77.05,0.0,1463.2,5,8.0,11.0,OK,вкрн каталог/ВКРН (-В)- ДУ/ВР 4-75-ДВ/ВР 4-75-5-ДВ/КВЗ.ВР.80-75.5.01-ДВ.02.00.00.000 Корпус спіральний/КВЗ.ВР.80-75.5.01-ДВ.02.00.00.004 Ребро рамки Ст3 2шт.dxf
КВЗ.ВР.80-75.5.01-ДВ.02.00.00.004-02,Ст3,,2,356.0,77.95,0.0,1333.5,3,8.0,17.52,OK,вкрн каталог/ВКРН (-В)- ДУ/ВР 4-75-ДВ/ВР 4-75-5-ДВ/КВЗ.ВР.80-75.5.01-ДВ.02.00.00.000 Корпус спіральний/КВЗ.ВР.80-75.5.01-ДВ.02.00.00.004-02 Ребро рамки Ст3 2шт.dxf
КВЗ.ВР.80-75.5.01-ДВ.02.00.00.001,Ст3,,1,885.0,792.0,0.0,5208.5,9,11.0 540.0,79.5,OK,вкрн каталог/ВКРН (-В)- ДУ/ВР 4-75-ДВ/ВР 4-75-5-ДВ/КВЗ.ВР.80-75.5.01-ДВ.02.00.00.000 Корпус спіральний/КВЗ.ВР.80-75.5.01-ДВ.02.00.00.001 Стінка Ст3 1шт.dxf
КВЗ.ВР.80-75.5.01-ДВ.02.00.00.002,Ст3,,1,2430.0,385.81,0.0,6078.4,0,,,OK,вкрн каталог/ВКРН (-В)- ДУ/ВР 4-75-ДВ/ВР 4-75-5-ДВ/КВЗ.ВР.80-75.5.01-ДВ.02.00.00.000 Корпус спіральний/КВЗ.ВР.80-75.5.01-ДВ.02.00.00.002 Спіраль Ст3 1шт.dxf
КВЗ.ВР.80-75.5.01-ДВ.02.00.00.005,Ст3,,1,885.0,792.0,0.0,6684.4,0,,,OK,вкрн каталог/ВКРН (-В)- ДУ/ВР 4-75-ДВ/ВР 4-75-5-ДВ/КВЗ.ВР.80-75.5.01-ДВ.02.00.00.000 Корпус спіральний/КВЗ.ВР.80-75.5.01-ДВ.02.00.00.005 Стінка Ст3 1шт.dxf
КВЗ.ВР.80-75.5.01-ДВ.01.02.00.001,Ст3,10.0,1,150.0,150.0,0.0,907.4,2,45.0 150.0,0.0,HOLE_NEAR_EDGE: отверстие 0.0мм от края < толщины 10.0мм,"вкрн каталог/ВКРН (-В)- ДУ/ВР 4-75-ДВ/4/КВЗ.ВР-4-75-4-ДВ.01.00.00.000 Колесо робоче/КВЗ.ВР-4-75-3,15-ДВ.01.02.00.000 Ступиця Сх.1(циліндр)/10 мм КВЗ.ВР.80-75.5.01-ДВ.01.02.00.001  Ст3 1шт.dxf"
КВЗ.ВР-4-75-5-ДВ.00.00.00.001,Ст3,3.0,1,329.31,261.45,62655.1,1102.2,4,8.5 10.0,10.95,OK,вкрн каталог/ВКРН (-В)- ДУ/ВР 4-75-ДВ/5/3мм КВЗ.ВР-4-75-5-ДВ.00.00.00.001 Стійка Ст3 1Шт..dxf
КВЗ.ВР-4-75-5-ДВ.00.00.00.003,Ст3,2.0,1,75.0,75.0,0.0,276.5,3,6.5 75.0,0.0,HOLE_NEAR_EDGE: отверстие 0.0мм от края < толщины 2.0мм,вкрн каталог/ВКРН (-В)- ДУ/ВР 4-75-ДВ/5/2мм КВЗ.ВР-4-75-5-ДВ.00.00.00.003 Шайба Ст3 1Шт..dxf
КВЗ.ВР-4-75-5-ДВ.00.00.00.001,Ст3,2.0,1,52.0,52.0,62.4,327.8,2,6.5 52.0,0.0,HOLE_NEAR_EDGE: отверстие 0.0мм от края < толщины 2.0мм,вкрн каталог/ВКРН (-В)- ДУ/ВР 4-75-ДВ/5/2мм КВЗ.ВР-4-75-5-ДВ.00.00.00.001шайба Ст3 1Шт..dxf
КВЗ.ВР-4-75-5-ДВ.03.00.00.007,Ст3,3.0,1,372.57,387.79,139167.3,2155.5,2,10.0,17.0,OK,"вкрн каталог/ВКРН (-В)- ДУ/ВР 4-75-ДВ/5/КВЗ.ВР-4-75-5-ДВ.03.00.00.000 Рама/3мм КВЗ.ВР-4-75-5-ДВ.03.00.00.007 Плита підмоторна (71,90) Ст3 1Шт..dxf"
КВЗ.ВР-4-75-5-ДВ.03.00.00.006,Ст3,4.0,1,275.0,108.05,0.0,911.2,0,,,OK,вкрн каталог/ВКРН (-В)- ДУ/ВР 4-75-ДВ/5/КВЗ.ВР-4-75-5-ДВ.03.00.00.000 Рама/4мм КВЗ.ВР-4-75-5-ДВ.03.00.00.006 Кутик гнутий Ст3 1Шт..dxf
КВЗ.ВР-4-75-5-ДВ.02.00.00.005,Ст3,2.0,2,358.0,78.85,28227.5,949.1,3,8.0,17.52,OK,вкрн каталог/ВКРН (-В)- ДУ/ВР 4-75-ДВ/5/КВЗ.ВР-4-75-5-ДВ.02.00.00.000 Корпус спіральний/2мм КВЗ.ВР-4-75-5-ДВ.02.00.00.005 Ребро рамки Ст3 2Шт..dxf
КВЗ.ВР-4-75-5-ДВ.02.00.00.004,Ст3,2.0,2,430.0,77.05,32145.0,1103.6,5,8.0,11.0,OK,вкрн каталог/ВКРН (-В)- ДУ/ВР 4-75-ДВ/5/КВЗ.ВР-4-75-5-ДВ.02.00.00.000 Корпус спіральний/2мм КВЗ.ВР-4-75-5-ДВ.02.00.00.004 Ребро рамки Ст3 2Шт..dxf
КВЗ.ВР-4-75-5-ДВ.02.00.00.001,Ст3,4.0,2,885.0,792.0,426280.7,4604.2,9,11.0 540.0,79.5,OK,вкрн каталог/ВКРН (-В)- ДУ/ВР 4-75-ДВ/5/КВЗ.ВР-4-75-5-ДВ.02.00.00.000 Корпус спіральний/4мм КВЗ.ВР-4-75-5-ДВ.02.00.00.001 Стінка Ст3 2Шт..dxf
КВЗ.ВР-4-75-5-ДВ.02.00.00.002,Ст3,1.5,1,1971.72,385.5,758720.3,4746.4,0,,,OK,"вкрн каталог/ВКРН (-В)- ДУ/ВР 4-75-ДВ/5/КВЗ.ВР-4-75-5-ДВ.02.00.00.000 Корпус спіральний/1,5мм КВЗ.ВР-4-75-5-ДВ.02.00.00.002 Спіраль Ст3 1Шт..dxf"
КВЗ.ВР-4-75-5-ДВ.02.00.00.003,Ст3,1.5,1,276.52,350.0,96780.7,1253.0,0,,,OK,"вкрн каталог/ВКРН (-В)- ДУ/ВР 4-75-ДВ/5/КВЗ.ВР-4-75-5-ДВ.02.00.00.000 Корпус спіральний/1,5мм КВЗ.ВР-4-75-5-ДВ.02.00.00.003 Язик Ст3 1Шт..dxf"
КВЗ.ВР-4-75-5-ДВ.06.00.00.001,Ст3,4.0,1,590.0,590.0,420.0,2616.0,10,9.0 51.0 590.0,0.0,HOLE_NEAR_EDGE: отверстие 0.0мм от края < толщины 4.0мм,вкрн каталог/ВКРН (-В)- ДУ/ВР 4-75-ДВ/5/КВЗ.ВР-4-75-5-ДВ.06.00.00.000 -Екра в зборі/4мм КВЗ.ВР-4-75-5-ДВ.06.00.00.001 Екран Ст3 1шт..dxf
КВЗ.ВР-4-75-5-ДВ.06.00.00.003,Ст3,2.0,1,590.0,590.0,420.0,2788.7,10,8.5 110.0 590.0,0.0,HOLE_NEAR_EDGE: отверстие 0.0мм от края < толщины 2.0мм,вкрн каталог/ВКРН (-В)- ДУ/ВР 4-75-ДВ/5/КВЗ.ВР-4-75-5-ДВ.06.00.00.000 -Екра в зборі/2мм КВЗ.ВР-4-75-5-ДВ.06.00.00.003 Тепловий екран Ст3 1Шт.dxf
КВЗ.ВР-4-75-5-ДВ.06.00.00.005,Ст3,2.0,1,392.1,105.52,0.0,2449.2,4,5.0,12.5,OK,вкрн каталог/ВКРН (-В)- ДУ/ВР 4-75-ДВ/5/КВЗ.ВР-4-75-5-ДВ.06.00.00.000 -Екра в зборі/2мм КВЗ.ВР-4-75-5-ДВ.06.00.00.005 Захист крильчатки охолодження Ст3 1Шт.dxf
КВЗ.ВР.80-75.5.01-ДВ.06.00.00.002,,,,539.6,539.6,1020.0,3284.9,14,17.0 55.0 539.6,0.0,OK,вкрн каталог/ВКРН (-В)- ДУ/ВР 4-75-ДВ/5/КВЗ.ВР-4-75-5-ДВ.06.00.00.000 -Екра в зборі/!Архів/КВЗ.ВР.80-75.5.01-ДВ.06.00.00.002  Екран (одноразово).dxf
КВЗ.ВР-4-75-5-ДВ.05.00.00.002,Ст3,3.0,1,279.95,279.95,7446.6,864.8,2,9.0,30.67,OK,вкрн каталог/ВКРН (-В)- ДУ/ВР 4-75-ДВ/5/КВЗ.ВР-4-75-5-ДВ.05.00.00.000 Колектор вхідний/3мм КВЗ.ВР-4-75-5-ДВ.05.00.00.002 Фланець приєднувальний Ст3 1Шт..dxf
КВЗ.ВР-4-75-5-ДВ.05.00.00.003,Ст3,1.5,1,1587.47,68.0,107947.7,3310.9,0,,,OK,"вкрн каталог/ВКРН (-В)- ДУ/ВР 4-75-ДВ/5/КВЗ.ВР-4-75-5-ДВ.05.00.00.000 Колектор вхідний/1,5мм КВЗ.ВР-4-75-5-ДВ.05.00.00.003 Обичайка Ст3 1Шт..dxf"
КВЗ.ВР-4-75-5-ДВ.05.00.00.001,Ст3,3.0,4,294.95,294.95,11379.3,927.7,2,11.0,30.81,OK,вкрн каталог/ВКРН (-В)- ДУ/ВР 4-75-ДВ/5/КВЗ.ВР-4-75-5-ДВ.05.00.00.000 Колектор вхідний/3мм КВЗ.ВР-4-75-5-ДВ.05.00.00.001 Фланець корпуса Ст3 4Шт..dxf
КВЗ.ВР-4-75-5-ДВ.04.00.00.002,Ст3,1.2,1,590.0,590.0,0.0,4000.2,10,21.0 400.0 590.0,0.0,HOLE_NEAR_EDGE: отверстие 0.0мм от края < толщины 1.2мм,"вкрн каталог/ВКРН (-В)- ДУ/ВР 4-75-ДВ/5/КВЗ.ВР-4-75-5-ДВ.04.00.00.000 Дифузор/1,2мм КВЗ.ВР-4-75-5-ДВ.04.00.00.002 Дифузор Ст3 1Шт..dxf"
КВЗ.ВР-4-75-5-ДВ.04.00.00.001,Ст3,1.2,1,826.83,810.72,0.0,3034.7,0,,,OK,"вкрн каталог/ВКРН (-В)- ДУ/ВР 4-75-ДВ/5/КВЗ.ВР-4-75-5-ДВ.04.00.00.000 Дифузор/1,2мм КВЗ.ВР-4-75-5-ДВ.04.00.00.001 Конус Ст3 1Шт..dxf"
КВЗ.ВР-4-75-5-ДВ.01.00.01.001,Ст3,2.0,1,104.11,103.16,6553.1,755.2,1,45.0,27.5,OK,вкрн каталог/ВКРН (-В)- ДУ/ВР 4-75-ДВ/5/КВЗ.ВР-4-75-5-ДВ.01.00.00.000 Колесо робоче/2мм КВЗ.ВР-4-75-5-ДВ.01.00.01.001 Крильчатка охолодження Ст3 1Шт..dxf
КВЗ.ВР-4-75-5-ДВ.01.00.01.001-01,Ст3,2.0,1,116.93,118.95,8418.7,847.7,1,60.0,27.56,OK,вкрн каталог/ВКРН (-В)- ДУ/ВР 4-75-ДВ/5/КВЗ.ВР-4-75-5-ДВ.01.00.00.000 Колесо робоче/2мм КВЗ.ВР-4-75-5-ДВ.01.00.01.001-01 Крильчатка охолодження Ст3 1Шт..dxf
КВЗ.ВР-4-75-5-ДВ.01.02.00.001,Ст3,10.0,1,116.93,118.95,8418.7,847.7,1,60.0,27.56,OK,вкрн каталог/ВКРН (-В)- ДУ/ВР 4-75-ДВ/5/КВЗ.ВР-4-75-5-ДВ.01.00.00.000 Колесо робоче/КВЗ.ВР-4-75-5-ДВ.01.02.00.000 Ступиця Сх.1(циліндр)/10 мм КВЗ.ВР-4-75-5-ДВ.01.02.00.001  Ст3 1шт.dxf
КВЗ.ВР-4-75-5-ДВ.01.01.00.001Д,Ст3,4.0,1,505.0,505.0,0.0,2251.2,2,110.3 505.0,0.0,HOLE_NEAR_EDGE: отверстие 0.0мм от края < толщины 4.0мм,вкрн каталог/ВКРН (-В)- ДУ/ВР 4-75-ДВ/5/КВЗ.ВР-4-75-5-ДВ.01.00.00.000 Колесо робоче/КВЗ.ВР-4-75-5-ДВ.01.01.00.000 Колесо робоче/4мм КВЗ.ВР-4-75-5-ДВ.01.01.00.001Диск нижній Ст3 1Шт..dxf
КВЗ.ВР-4-75-5-ДВ.01.01.00.003,Ст3,4.0,12,125.06,152.43,0.0,881.5,0,,,OK,вкрн каталог/ВКРН (-В)- ДУ/ВР 4-75-ДВ/5/КВЗ.ВР-4-75-5-ДВ.01.00.00.000 Колесо робоче/КВЗ.ВР-4-75-5-ДВ.01.01.00.000 Колесо робоче/4мм КВЗ.ВР-4-75-5-ДВ.01.01.00.003 R Лопатка Ст3 12Шт..dxf
КВЗ.ВР-4-75-5-ДВ.01.01.00.004,Ст3,2.0,1,350.6,350.6,0.0,1696.8,2,75.6 350.6,0.0,HOLE_NEAR_EDGE: отверстие 0.0мм от края < толщины 2.0мм,вкрн каталог/ВКРН (-В)- ДУ/ВР 4-75-ДВ/5/КВЗ.ВР-4-75-5-ДВ.01.00.00.000 Колесо робоче/КВЗ.ВР-4-75-5-ДВ.01.01.00.000 Колесо робоче/2мм КВЗ.ВР-4-75-5-ДВ.01.01.00.004 Конус жорсткості Ст3 1Шт..dxf
КВЗ.ВР-4-75-5-ДВ.01.01.00.002,Ст3,4.0,1,618.59,635.25,0.0,963.7,0,,,OK,вкрн каталог/ВКРН (-В)- ДУ/ВР 4-75-ДВ/5/КВЗ.ВР-4-75-5-ДВ.01.00.00.000 Колесо робоче/КВЗ.ВР-4-75-5-ДВ.01.01.00.000 Колесо робоче/4мм КВЗ.ВР-4-75-5-ДВ.01.01.00.002 Диск верхній (розгортка) Ст3 1Шт..dxf
